season,district,site,field_lati,field_long,site_latit,site_longi,block_id,seed_id,seed_rate_,seed_cost_,yield_t_ha,EnvIndex_t,RelYield__,profit_USD,wi,slope,sipi91_432,sipi8,sipi7,savi9,savi81_432,savi7,npcri9,npcri8,nprci7,ndwi9,ndwi8,ndwi7,ndvi7,gci9,gci8,gci7,evi9,evi8,evi7,c1,c2,c3,c4,c5,c6,c7,c8,c9,c10,c11,c12,c13,c14,c15,c16,c17,c18,c19,c20,c21,c22,c23,c24,c25,c26,c27,c28,c29,c30,bsi9,bsi8,bsi7,bi8,bi7,aspect,arvi9,arvi8,arvi7,b1,b2,b3,b4,b5,b6,b7,b8,b9,b10,b11,b12,b13,b14,b15,b16,b17,b18,b19,b20,b21,b22,a1,a2,a3,a4,a5,a6,a7,a8,a9,a10,a11,a12,pca1,pca2,pca3,pca4,pca5,pca6,pca7,pca8,pca9,pca10
LR2018,Ndalu,Lungai,0.794619,34.89699,0.779332,34.90301,40256,scduma43,7.14,52,4.52,4.465,1.231803,1321.256,7.87305,3.36925,1.35422,1.18508,1.09399,0.30687,0.36206,1.09399,0.375,0.32658,0.29212,-0.51631,-0.55053,-0.63215,0.70634,2.13484,2.44964,3.43696,0.29375,0.35804,0.45445,2198,3204,3202,3185,2902,2654,1749,1254,1016,570,1256,2132,2679,2467,2234,1177,2877,399,834,786,3097,292,698,533,966,1762,2989,2781,2401,1078,0.3423,0.17385,0.08339,0.29824,0.31425,164.05461,0.19911,0.35149,0.52144,-12.97121,-7.81084,-13.94121,-9.80428,-14.88577,-9.7729,5.16037,1.66067,4.13693,4.13693,5.11287,1.52317,0,0,0,0,0,0,0,0,0,0,-12.97121,-7.81084,-13.94121,-9.80428,-14.88577,-9.7729,5.16037,1.66067,4.13693,4.13693,5.11287,1.52317,8575,7285,2944,2709,1754,3847,1801,1937,490,704
LR2018,Ndalu,Lungai,0.794742,34.8995,0.779332,34.90301,40257,scduma43,7.14,52,4.45,3.8425,15.81002,1299.283,9.04573,1.67011,1.28378,1.20892,1.08292,0.34305,0.34524,1.08292,0.37772,0.34797,0.25293,-0.53439,-0.55793,-0.64916,0.70884,2.29543,2.52417,3.7006,0.33136,0.33622,0.4666,1952,2975,3334,3246,3061,2758,1729,1107,985,500,1233,2140,2837,2583,2310,1372,2770,386,786,798,3140,319,668,535,962,1853,3238,3142,2654,1136,0.34296,0.20203,0.12221,0.28827,0.31853,236.30994,0.25705,0.32828,0.52749,-13.74827,-9.20843,-13.48856,-9.25225,-13.10161,-8.97811,4.53984,1.49301,4.23631,4.23631,4.1235,1.45928,0,0,0,0,0,0,0,0,0,0,-13.74827,-9.20843,-13.48856,-9.25225,-13.10161,-8.97811,4.53984,1.49301,4.23631,4.23631,4.1235,1.45928,9062,7253,3037,2855,2239,4022,1809,1989,365,702
LR2018,Ndalu,Lungai,0.802209,34.89371,0.779332,34.90301,40273,scduma43,4.44,32,6.68,6.4675,3.285659,2034.602,6.86247,1.8527,1.107,1.08534,1.05136,0.46508,0.44544,1.05136,0.29862,0.27835,0.22969,-0.6422,-0.65319,-0.69403,0.78433,3.58978,3.76693,4.53659,0.48021,0.45512,0.56201,1439,2474,3508,3502,3189,2861,1337,661,763,357,1017,1933,3181,3038,2558,1106,3027,280,635,496,3632,275,656,439,885,1778,3783,3590,2930,1032,0.35638,0.09993,0.04234,0.30674,0.36584,251.56505,0.48967,0.5385,0.63302,-14.15944,-9.0225,-12.15951,-8.6348,-12.86275,-8.31539,5.13694,1.56935,3.52472,3.52472,4.54736,1.54686,0,0,0,0,0,0,0,0,0,0,-14.15944,-9.0225,-12.15951,-8.6348,-12.86275,-8.31539,5.13694,1.56935,3.52472,3.52472,4.54736,1.54686,10750,6352,3297,2596,2538,4091,1878,2099,513,682
LR2018,Ndalu,Lungai,0.781985,34.89669,0.779332,34.90301,41997,scduma43,5.33,39,5.02,4.7425,5.851344,1485.863,6.4433,2.8161,1.56533,1.08492,1.06806,0.21667,0.43791,1.06806,0.48318,0.2665,0.27753,-0.52635,-0.64517,-0.68565,0.76145,2.22254,3.63651,4.36227,0.18966,0.44806,0.49671,1821,2518,2528,2230,2414,2076,1262,1036,692,361,898,1770,2807,2678,2383,957,2972,289,641,499,3212,246,599,435,770,1521,3239,2825,2486,913,0.24589,0.10287,0.06406,0.30136,0.32413,350.53769,0.1113,0.53135,0.59797,-14.09559,-8.61975,-14.45234,-9.17793,-15.7647,-9.66134,5.47585,1.63527,5.27441,5.27441,6.10337,1.63173,0,0,0,0,0,0,0,0,0,0,-14.09559,-8.61975,-14.45234,-9.17793,-15.7647,-9.66134,5.47585,1.63527,5.27441,5.27441,6.10337,1.63173,8387,6017,4036,2077,1925,4075,1682,2043,538,365
LR2018,Ndalu,Lungai,0.790014,34.89853,0.779332,34.90301,42004,scduma43,7.14,52,5.62,5.3475,5.095839,1683.416,7.31286,2.36123,1.15321,1.12536,1.05493,0.39064,0.41876,1.05493,0.3039,0.2973,0.18527,-0.56948,-0.56724,-0.64369,0.73996,2.64551,2.62153,3.61312,0.39372,0.42565,0.52788,1457,2450,3003,3044,2812,2504,1397,753,835,402,1095,1979,3018,2765,2487,1265,3129,364,864,672,3446,354,747,515,923,1800,3527,3334,2771,1108,0.31358,0.09053,0.0755,0.32003,0.34843,101.30993,0.39176,0.44428,0.5735,-12.12141,-8.59951,-14.21484,-7.98126,-14.18121,-9.62644,3.52191,1.40955,6.23357,6.23357,4.55477,1.47315,0,0,0,0,0,0,0,0,0,0,-12.12141,-8.59951,-14.21484,-7.98126,-14.18121,-9.62644,3.52191,1.40955,6.23357,6.23357,4.55477,1.47315,9448,6410,3517,2242,2552,4009,1734,1873,336,653
LR2018,Ndalu,Lungai,0.783333,34.89505,0.779332,34.90301,42007,scduma43,6.66,49,6.68,6.2675,6.581572,2034.602,10.43081,5.88562,1.19384,1.12412,1.07588,0.35591,0.35841,1.07588,0.39024,0.34226,0.38934,-0.60979,-0.62884,-0.72827,0.78693,3.12539,3.38857,5.36018,0.3411,0.34694,0.45496,1666,2439,2732,2665,2492,2208,1245,684,646,300,977,1808,2685,2492,2222,1013,2304,221,525,451,2843,149,447,339,810,1642,3225,3039,2389,891,0.27514,0.12281,0.04385,0.23477,0.28631,25.55997,0.36857,0.47359,0.63052,-14.03185,-8.94586,-14.34991,-8.64654,-15.9422,-9.03698,5.086,1.56853,5.70337,5.70337,6.90522,1.76411,0,0,0,0,0,0,0,0,0,0,-14.03185,-8.94586,-14.34991,-8.64654,-15.9422,-9.03698,5.086,1.56853,5.70337,5.70337,6.90522,1.76411,8272,5903,3619,2319,2241,4146,1889,2028,565,580
LR2018,Ndalu,Lungai,0.777127,34.90025,0.779332,34.90301,42016,scduma43,4.44,32,5.8,5.73,1.22164,1743.772,6.63932,2.31542,1.42084,1.14191,1.07287,0.25906,0.37928,1.07287,0.39286,0.32255,0.26515,-0.50099,-0.58002,-0.66732,0.74202,2.00795,2.7621,4.01185,0.24086,0.3751,0.50716,1966,2829,2813,2647,2557,2372,1514,1131,880,493,1148,2121,2977,2759,2491,1232,2720,314,723,613,3383,291,675,501,932,1822,3316,3126,2579,1052,0.28785,0.12364,0.07975,0.27882,0.34199,270,0.16253,0.42441,0.57143,-16.95183,-9.2757,-13.60339,-9.54348,-13.76413,-10.02676,7.67613,1.82755,4.05991,4.05991,3.73737,1.37274,0,0,0,0,0,0,0,0,0,0,-16.95183,-9.2757,-13.60339,-9.54348,-13.76413,-10.02676,7.67613,1.82755,4.05991,4.05991,3.73737,1.37274,8785,6825,3722,2210,2067,4096,1865,1983,462,570
LR2018,Ndalu,Lungai,0.781375,34.89639,0.779332,34.90301,42019,scduma43,5.33,39,5.69,5.4475,4.451583,1708.107,11.75588,1.76378,1.15318,1.11234,1.07038,0.40511,0.41236,1.07038,0.31574,0.27691,0.26064,-0.58129,-0.56563,-0.65852,0.74605,2.7766,2.60437,3.85693,0.40862,0.42002,0.49668,1646,2639,3351,3195,3047,2775,1611,773,846,402,1147,2006,2863,2865,2443,1308,2970,346,824,611,3259,278,671,474,895,1714,3223,3070,2677,1039,0.32872,0.07468,0.05692,0.30322,0.32933,336.80142,0.39879,0.46144,0.57726,-13.97643,-8.34978,-13.63269,-8.06267,-13.40615,-8.49011,5.62665,1.67387,5.57003,5.57003,4.91603,1.57903,0,0,0,0,0,0,0,0,0,0,-13.97643,-8.34978,-13.63269,-8.06267,-13.40615,-8.49011,5.62665,1.67387,5.57003,5.57003,4.91603,1.57903,8774,6562,2781,2725,2223,4109,1508,1945,279,547
LR2018,Ndalu,Lungai,0.782958,34.88483,0.779332,34.90301,42022,scduma43,4.44,32,6.55,6.4775,1.119259,1990.707,6.51589,5.2275,1.14092,1.09637,1.06277,0.4294,0.44122,1.06277,0.33829,0.29327,0.23787,-0.63596,-0.65767,-0.66332,0.75377,3.49388,3.84227,3.94032,0.43185,0.44916,0.55406,1970,2776,2866,3303,2846,2444,1369,720,735,356,1324,2211,3009,2683,2358,1183,3070,294,634,538,3725,322,754,523,1037,1985,3615,3397,2886,1198,0.33806,0.13506,0.05691,0.31168,0.37615,315,0.43518,0.51532,0.58924,-12.79019,-8.71397,-11.72415,-8.42169,-15.99101,-10.13411,4.07621,1.46778,3.30246,3.30246,5.8569,1.57794,0,0,0,0,0,0,0,0,0,0,-12.79019,-8.71397,-11.72415,-8.42169,-15.99101,-10.13411,4.07621,1.46778,3.30246,3.30246,5.8569,1.57794,9307,6952,3773,2401,2593,4359,1718,2019,572,713
LR2018,Ndalu,Lungai,0.782104,34.89805,0.779332,34.90301,42023,scduma43,7.14,52,3.32,3.28,1.219512,926.1493,5.65228,6.19209,1.3292,1.10845,1.07344,0.29423,0.43624,1.07344,0.4045,0.27097,0.23523,-0.54458,-0.57461,-0.62654,0.72167,2.39158,2.70159,3.35535,0.27493,0.4508,0.49287,1909,2886,3067,2659,2912,2643,1581,967,784,410,1365,2399,3101,2881,2670,1430,3250,378,878,659,3297,330,757,533,1146,2001,3474,3226,2766,1234,0.28294,0.08303,0.06543,0.33161,0.33398,63.43495,0.22686,0.46704,0.54571,-15.51496,-9.90951,-13.87297,-6.7156,-11.92496,-7.98649,5.60545,1.56566,7.15737,7.15737,3.93847,1.49314,0,0,0,0,0,0,0,0,0,0,-15.51496,-9.90951,-13.87297,-6.7156,-11.92496,-7.98649,5.60545,1.56566,7.15737,7.15737,3.93847,1.49314,9430,6956,3404,2150,2190,4083,1805,2008,373,465
LR2018,Ndalu,Lungai,0.776823,34.89887,0.779332,34.90301,42029,scduma43,7.14,52,6.45,6,7.5,1957.785,6.96629,1.67011,1.16258,1.12637,1.07171,0.40432,0.41111,1.07171,0.32201,0.30364,0.27047,-0.59152,-0.60703,-0.67904,0.74803,2.89618,3.08943,4.23122,0.40733,0.41498,0.52708,1723,2648,3224,3265,2994,2683,1425,817,838,419,1244,2128,3011,2706,2397,1344,3018,344,738,644,3552,294,679,512,1036,1887,3490,3262,2722,1130,0.33657,0.14484,0.08552,0.30859,0.35887,33.69007,0.38548,0.44602,0.57947,-14.94702,-8.39895,-13.09232,-7.90257,-13.07522,-8.6541,6.54807,1.77963,5.18975,5.18975,4.42112,1.51087,0,0,0,0,0,0,0,0,0,0,-14.94702,-8.39895,-13.09232,-7.90257,-13.07522,-8.6541,6.54807,1.77963,5.18975,5.18975,4.42112,1.51087,9445,6840,3215,2502,2539,4164,1771,1911,464,647
LR2018,Ndalu,Lungai,0.78095,34.90009,0.779332,34.90301,42031,scduma43,7.14,52,3.88,3.645,6.447188,1112.729,5.73518,5.70288,1.35036,1.09364,1.09918,0.28191,0.46689,1.09918,0.36279,0.2658,0.2378,-0.50889,-0.61616,-0.59004,0.65953,2.07238,3.21046,2.8785,0.26858,0.48786,0.42048,2003,3005,3378,2759,3072,2649,1559,1095,898,512,1327,2503,3921,3470,3121,1428,3461,366,822,631,2905,367,749,596,948,1762,3018,2961,2565,1186,0.29684,0.09621,0.125,0.35181,0.29655,21.37062,0.19795,0.50403,0.46595,-15.92211,-9.04002,-16.61079,-9.50678,-17.89736,-12.67646,6.8821,1.76129,7.10401,7.10401,5.2209,1.41186,0,0,0,0,0,0,0,0,0,0,-15.92211,-9.04002,-16.61079,-9.50678,-17.89736,-12.67646,6.8821,1.76129,7.10401,7.10401,5.2209,1.41186,10317,7292,2920,1587,1264,4321,1700,1855,325,482
LR2018,Ndalu,Lungai,0.78801,34.90419,0.779332,34.90301,42037,scduma43,4.44,32,6.03,6.3925,-5.67071,1820.588,6.73855,4.18822,1.35229,1.21085,1.05096,0.28701,0.34029,1.05096,0.43178,0.31804,0.1967,-0.52802,-0.54412,-0.69154,0.76333,2.2375,2.3871,4.48393,0.26409,0.33641,0.51351,1650,2459,2639,2590,2417,2123,1252,955,800,379,1106,1980,2832,2642,2264,1222,2835,446,837,862,3241,292,591,435,852,1683,3240,3039,2434,921,0.27605,0.21958,0.10319,0.29632,0.32701,173.65981,0.21705,0.31109,0.60481,-14.43836,-9.41996,-13.79219,-6.79796,-14.12397,-7.10476,5.0184,1.53274,6.99423,6.99423,7.01921,1.98796,0,0,0,0,0,0,0,0,0,0,-14.43836,-9.41996,-13.79219,-6.79796,-14.12397,-7.10476,5.0184,1.53274,6.99423,6.99423,7.01921,1.98796,8437,6285,3754,2024,2300,4010,1743,1665,617,577
LR2018,Ndalu,Lungai,0.778967,34.90736,0.779332,34.90301,42039,scduma43,6.66,49,5.3,4.5875,15.53134,1579.14,6.4433,2.8161,1.21176,1.11732,1.07078,0.37729,0.43187,1.07078,0.33423,0.31356,0.24284,-0.54978,-0.59018,-0.6451,0.73408,2.44227,2.88025,3.63533,0.37664,0.43702,0.49309,1954,3002,3404,3339,3208,2825,1597,992,970,495,1140,2074,3169,2821,2644,1201,3143,324,810,620,3254,304,702,499,959,1831,3402,3222,2707,1103,0.34832,0.0764,0.06711,0.32036,0.3292,80.53768,0.31798,0.47313,0.5619,-15.01585,-8.4691,-14.15096,-9.57062,-15.3623,-7.29941,6.54675,1.77302,4.58034,4.58034,8.06289,2.10459,0,0,0,0,0,0,0,0,0,0,-15.01585,-8.4691,-14.15096,-9.57062,-15.3623,-7.29941,6.54675,1.77302,4.58034,4.58034,8.06289,2.10459,9625,7207,3062,2596,2004,4009,1741,1975,380,650
LR2018,Ndalu,Lungai,0.770523,34.8984,0.779332,34.90301,42043,scduma43,5.33,39,3.45,3.465,-0.4329,970.0445,9.58238,2.19672,1.29588,1.1765,1.10429,0.29698,0.3283,1.10429,0.31758,0.33478,0.29066,-0.51057,-0.56953,-0.62696,0.68348,2.08639,2.64606,3.36133,0.2921,0.31732,0.46028,2391,3292,3012,2858,2720,2412,1595,1087,926,563,1221,2087,2344,2099,1801,1078,2359,306,647,614,3271,338,750,615,1095,2015,3248,2969,2573,1253,0.30577,0.17422,0.1192,0.24376,0.33283,18.43495,0.22288,0.36912,0.49163,-12.63638,-7.98987,-14.2058,-9.06787,-15.49182,-10.85494,4.64651,1.58155,5.13793,5.13793,4.63688,1.42717,0,0,0,0,0,0,0,0,0,0,-12.63638,-7.98987,-14.2058,-9.06787,-15.49182,-10.85494,4.64651,1.58155,5.13793,5.13793,4.63688,1.42717,8180,7208,3385,2768,2414,4192,1689,2327,513,538
LR2018,Ndalu,Lungai,0.778144,34.88645,0.779332,34.90301,43540,scduma43,7.14,52,4.2,4.0775,3.004292,1216.98,7.74845,3.81512,1.16961,1.12648,1.06662,0.39512,0.37048,1.06662,0.32474,0.35965,0.247,-0.57576,-0.64169,-0.68126,0.74832,2.71429,3.58175,4.2748,0.39633,0.35866,0.49835,1552,2513,3231,3198,3015,2722,1472,822,861,419,1119,2024,2931,2743,2471,1188,2410,219,526,465,3244,282,615,467,977,1836,3523,3264,2720,1060,0.3302,0.13058,0.09824,0.24544,0.32774,14.03624,0.37502,0.47738,0.58117,-11.83985,-8.70627,-11.92351,-8.04366,-12.64569,-9.32695,3.13358,1.35992,3.87985,3.87985,3.31874,1.35582,0,0,0,0,0,0,0,0,0,0,-11.83985,-8.70627,-11.92351,-8.04366,-12.64569,-9.32695,3.13358,1.35992,3.87985,3.87985,3.31874,1.35582,9188,6500,3232,2685,2611,4117,1904,2049,408,651
LR2018,Ndalu,Lungai,0.771188,34.90053,0.779332,34.90301,43543,scduma43,7.14,52,7.08,6.8275,3.698279,2166.312,7.04479,4.62331,1.09861,1.07734,1.07977,0.47767,0.45747,1.07977,0.37687,0.31132,0.32581,-0.72074,-0.70797,-0.70344,0.75495,5.16171,4.84872,4.74403,0.47989,0.46254,0.503,1444,2313,3073,3315,2834,2372,1110,506,538,229,909,1657,2672,2574,2116,834,2977,219,509,417,3366,239,586,470,875,1684,3136,2967,2392,870,0.33534,0.11092,0.09498,0.30061,0.33987,0,0.55575,0.5861,0.58636,-12.91787,-8.17828,-13.43813,-8.56335,-11.96937,-7.19142,4.73959,1.57953,4.87477,4.87477,4.77795,1.6644,0,0,0,0,0,0,0,0,0,0,-12.91787,-8.17828,-13.43813,-8.56335,-11.96937,-7.19142,4.73959,1.57953,4.87477,4.87477,4.77795,1.6644,8765,5917,3087,2708,2544,4152,1476,2110,671,707
LR2018,Ndalu,Lungai,0.782744,34.90867,0.779332,34.90301,43544,scduma43,4.44,32,5.15,5.355,-3.8282,1529.758,7.8192,4.26386,1.44755,1.1829,1.13028,0.24053,0.34772,1.13028,0.44089,0.32962,0.31343,-0.52882,-0.5611,-0.62928,0.64685,2.2447,2.55689,3.39491,0.21667,0.34063,0.43721,1751,2536,2551,2294,2514,2161,1356,969,707,376,1176,2022,2895,2547,2250,1253,2657,361,747,716,3283,368,747,704,1129,1938,3374,3194,2671,1244,0.24903,0.18092,0.17867,0.27518,0.33576,54.46232,0.15885,0.3564,0.44337,-13.72644,-9.99463,-13.76392,-7.17425,-13.74881,-9.61808,3.73182,1.37338,6.58967,6.58967,4.13073,1.42948,0,0,0,0,0,0,0,0,0,0,-13.72644,-9.99463,-13.76392,-7.17425,-13.74881,-9.61808,3.73182,1.37338,6.58967,6.58967,4.13073,1.42948,8463,6595,3797,1979,2739,3999,1907,2104,517,707
LR2018,Ndalu,Lungai,0.785885,34.90305,0.779332,34.90301,58133,scduma43,5.33,39,6.27,5.555,12.87129,1897.43,5.85294,5.07287,1.37588,1.13659,1.07879,0.27515,0.39087,1.07879,0.43279,0.3107,0.25971,-0.54396,-0.57959,-0.65983,0.72349,2.38554,2.75726,3.87934,0.25196,0.39043,0.48288,1769,2556,2713,2529,2674,2348,1256,970,747,384,1045,1888,2824,2523,2238,1125,2848,335,758,637,3235,305,663,519,869,1689,3311,3134,2456,939,0.27086,0.1237,0.10827,0.29184,0.32764,149.93141,0.20049,0.42832,0.54653,-12.04055,-8.59668,-13.07706,-7.67711,-12.66941,-10.39475,3.44388,1.40061,5.39996,5.39996,2.27466,1.21883,0,0,0,0,0,0,0,0,0,0,-12.04055,-8.59668,-13.07706,-7.67711,-12.66941,-10.39475,3.44388,1.40061,5.39996,5.39996,2.27466,1.21883,8543,6340,3657,2300,2280,4011,1750,1927,571,545
LR2018,Ndalu,Lungai,0.786043,34.91392,0.779332,34.90301,58137,scduma43,5.33,39,4.92,4.475,9.944134,1452.941,0,0,1.12054,1.07018,1.06141,0.44559,0.48094,1.06141,0.28363,0.27147,0.25916,-0.60542,-0.65076,-0.6807,0.77018,3.06868,3.72674,4.26362,0.46217,0.49756,0.54331,1713,2770,3359,3495,3165,2856,1603,749,859,418,1194,2168,3137,2884,2662,1423,3252,263,688,459,3574,273,679,464,964,1897,3435,3228,2804,1177,0.35744,0.02411,0.04096,0.32842,0.3604,0,0.44631,0.58583,0.61131,-13.73544,-8.33718,-14.22647,-10.01465,-16.04398,-9.77673,5.39825,1.64749,4.21182,4.21182,6.26724,1.64104,0,0,0,0,0,0,0,0,0,0,-13.73544,-8.33718,-14.22647,-10.01465,-16.04398,-9.77673,5.39825,1.64749,4.21182,4.21182,6.26724,1.64104,9949,6967,3026,2529,2257,4239,1677,1993,181,629
LR2018,Ndalu,Lungai,0.783928,34.89996,0.779332,34.90301,58188,scduma43,4.44,32,4.85,4.595,5.54951,1430.994,5.58726,6.23461,1.30262,1.23779,1.06714,0.30918,0.3231,1.06714,0.3997,0.32986,0.22449,-0.56975,-0.52856,-0.63611,0.73194,2.64847,2.24235,3.49613,0.2911,0.316,0.52051,1750,2620,3031,2740,2875,2501,1413,949,751,407,1371,2288,3004,2825,2383,1330,2756,450,850,893,3489,342,776,540,1135,2118,3596,3409,2877,1250,0.28997,0.22481,0.06393,0.28971,0.35305,38.99099,0.24757,0.28446,0.56017,-15.27942,-7.5959,-15.77963,-11.98616,-16.78943,-12.91658,7.68352,2.01153,3.79348,3.79348,3.87285,1.29984,0,0,0,0,0,0,0,0,0,0,-15.27942,-7.5959,-15.77963,-11.98616,-16.78943,-12.91658,7.68352,2.01153,3.79348,3.79348,3.87285,1.29984,9186,6766,3653,2141,2645,4143,1871,1921,520,578
LR2018,Ndalu,Lungai,0.782838,34.90908,0.779332,34.90301,58201,scduma43,6.66,49,6.18,5.775,7.012987,1869.995,8.86932,1.99208,1.17227,1.08712,1.05881,0.41424,0.46463,1.05881,0.34752,0.28,0.25032,-0.60404,-0.65246,-0.68827,0.77296,3.05101,3.75472,4.41583,0.41451,0.47947,0.56631,1629,2443,3224,3415,3000,2688,1441,855,843,414,1235,2128,3263,3011,2611,1392,3276,306,689,544,3764,289,695,482,1110,1948,3680,3523,2882,1197,0.35204,0.10461,0.05184,0.33209,0.37947,35.53768,0.38256,0.53405,0.61571,-14.4666,-8.28322,-13.3568,-9.30313,-13.60921,-10.2095,6.18338,1.7465,4.05368,4.05368,3.39971,1.33299,0,0,0,0,0,0,0,0,0,0,-14.4666,-8.28322,-13.3568,-9.30313,-13.60921,-10.2095,6.18338,1.7465,4.05368,4.05368,3.39971,1.33299,10046,6790,3606,2432,2453,4071,1685,1968,437,674
LR2018,Ndalu,Lungai,0.780542,34.9033,0.779332,34.90301,58248,scduma43,5.33,39,6.93,6.2975,10.04367,2116.906,8.34799,4.18822,1.13182,1.08416,1.09231,0.45041,0.46145,1.09231,0.35857,0.25587,0.25904,-0.60612,-0.61327,-0.59497,0.69029,3.07766,3.17154,2.93786,0.45245,0.48049,0.48469,1809,2797,3229,3413,2885,2652,1567,682,837,322,1245,2154,3019,2774,2564,1357,3283,333,787,562,3422,369,869,627,1037,1911,3443,3226,2728,1306,0.34805,0.06421,0.0681,0.33308,0.3479,6.34019,0.46499,0.52574,0.50287,-13.73958,-8.87581,-14.98102,-8.41768,-14.8246,-9.17676,4.86377,1.54798,6.56334,6.56334,5.64785,1.61545,0,0,0,0,0,0,0,0,0,0,-13.73958,-8.87581,-14.98102,-8.41768,-14.8246,-9.17676,4.86377,1.54798,6.56334,6.56334,5.64785,1.61545,9638,7017,3173,2306,2373,4228,1492,2023,199,795
LR2018,Ndalu,Lungai,0.780525,34.90872,0.779332,34.90301,58276,scduma43,6.66,49,6.03,6.1225,-1.51082,1820.588,7.65484,4.18822,1.20685,1.13339,1.06037,0.35816,0.41143,1.06037,0.36264,0.33193,0.24031,-0.59911,-0.62193,-0.6738,0.76244,2.98892,3.29,4.13112,0.34826,0.41066,0.54106,1755,2596,2792,2880,2684,2299,1353,806,722,377,1170,2078,2998,2785,2548,1283,3003,318,700,634,3561,294,694,480,944,1842,3536,3409,2862,1131,0.29907,0.15254,0.0545,0.30692,0.35932,83.65981,0.33785,0.44737,0.60125,-13.03505,-7.85472,-11.94681,-7.35066,-16.20011,-8.50151,5.18033,1.65952,4.59614,4.59614,7.6986,1.90556,0,0,0,0,0,0,0,0,0,0,-13.03505,-7.85472,-11.94681,-7.35066,-16.20011,-8.50151,5.18033,1.65952,4.59614,4.59614,7.6986,1.90556,9331,6633,3850,2172,2474,4135,1823,1874,486,607
LR2018,Ndalu,Lungai,0.773926,34.89967,0.779332,34.90301,58318,scduma43,4.44,32,4.52,4.1075,10.0426,1321.256,7.65943,1.46488,1.44067,1.22117,1.08814,0.27264,0.33922,1.08814,0.45385,0.31396,0.26591,-0.54061,-0.53283,-0.6476,0.70443,2.35358,2.28108,3.6754,0.24673,0.33693,0.4697,1688,2550,3058,2760,2911,2513,1383,1142,823,429,1244,2127,3061,2639,2431,1314,2930,484,893,927,3212,323,687,557,1039,1886,3149,3054,2465,1158,0.29869,0.22483,0.12317,0.30731,0.32599,71.56505,0.16536,0.29613,0.52076,-14.44068,-6.42784,-13.49114,-7.83012,-13.15949,-9.94009,8.01284,2.24658,5.66101,5.66101,3.2194,1.32388,0,0,0,0,0,0,0,0,0,0,-14.44068,-6.42784,-13.49114,-7.83012,-13.15949,-9.94009,8.01284,2.24658,5.66101,5.66101,3.2194,1.32388,8862,6876,3261,2230,2414,4006,1776,1766,507,476
LR2018,Ndalu,Lungai,0.779596,34.89505,0.779332,34.90301,58328,scduma43,5.33,39,4.78,4.3475,9.948246,1409.046,8.46415,3.73026,1.3558,1.12176,1.05584,0.29,0.42549,1.05584,0.40172,0.29873,0.21364,-0.52636,-0.58678,-0.65227,0.75919,2.22261,2.84,3.75152,0.27116,0.43306,0.58012,1908,2863,2996,2765,2808,2516,1679,1059,858,452,1161,2058,3082,2878,2568,1417,3168,358,825,663,3901,346,821,534,941,1838,3689,3618,3068,1196,0.29609,0.10618,0.03469,0.32366,0.39374,29.74488,0.206,0.45342,0.59812,-13.8962,-7.53613,-13.33834,-8.29225,-14.49112,-9.42655,6.36007,1.84394,5.04609,5.04609,5.06457,1.53727,0,0,0,0,0,0,0,0,0,0,-13.8962,-7.53613,-13.33834,-8.29225,-14.49112,-9.42655,6.36007,1.84394,5.04609,5.04609,5.06457,1.53727,9457,7140,3934,2377,2335,4061,1896,1942,325,657
LR2018,Ndalu,Lungai,0.777256,34.89752,0.779332,34.90301,58366,scduma43,4.44,32,4.18,4.0575,3.0191,1211.493,5.7604,5.56178,1.40326,1.19633,1.092,0.29481,0.3609,1.092,0.41685,0.32401,0.28188,-0.52533,-0.55608,-0.63515,0.70502,2.21347,2.5053,3.48173,0.27423,0.35817,0.47743,2254,3080,3109,3101,2921,2638,1734,1261,965,519,1529,2453,2913,2667,2439,1505,2976,435,849,852,3312,321,739,573,1311,2103,3321,2989,2596,1220,0.33476,0.20506,0.09492,0.30956,0.33612,131.63354,0.17877,0.33372,0.5204,-14.17005,-9.16115,-12.09251,-8.24192,-13.65935,-10.08122,5.0089,1.54675,3.85059,3.85059,3.57813,1.35493,0,0,0,0,0,0,0,0,0,0,-14.17005,-9.16115,-12.09251,-8.24192,-13.65935,-10.08122,5.0089,1.54675,3.85059,3.85059,3.57813,1.35493,9082,7660,3258,2283,2253,4204,1723,1907,536,603
LR2018,Ndalu,Lungai,0.776575,34.89106,0.779332,34.90301,58372,scduma43,5.33,39,5.37,5.33,0.750469,1601.112,7.79062,0.73256,1.59692,1.18095,1.06696,0.21518,0.38152,1.06696,0.45264,0.38357,0.25255,-0.49845,-0.59846,-0.6561,0.7507,1.98762,2.98085,3.81564,0.19072,0.37027,0.52073,1720,2525,2780,2414,2501,2275,1429,1181,808,445,981,1874,3319,2966,2588,1210,2910,319,731,716,3448,293,716,491,917,1780,3536,3360,2857,1137,0.26874,0.17214,0.04533,0.29968,0.34828,71.56505,0.09519,0.38554,0.58416,-14.48404,-9.01536,-14.27269,-9.05577,-15.29354,-10.37281,5.46868,1.6066,5.21692,5.21692,4.92074,1.47439,0,0,0,0,0,0,0,0,0,0,-14.48404,-9.01536,-14.27269,-9.05577,-15.29354,-10.37281,5.46868,1.6066,5.21692,5.21692,4.92074,1.47439,8952,6801,4486,1695,1991,3916,1896,1787,554,647
LR2018,Ndalu,Lungai,0.786889,34.90013,0.779332,34.90301,58401,scduma43,5.33,39,5.07,4.865,4.213772,1502.323,11.38035,1.6377,1.14564,1.11153,1.05195,0.39814,0.39421,1.05195,0.31584,0.31818,0.17604,-0.5945,-0.62713,-0.658,0.74237,2.9322,3.36379,3.84799,0.39923,0.3902,0.50913,1441,2354,3000,3016,2879,2550,1365,702,767,365,1021,1813,2590,2481,2157,1108,2627,255,602,493,3253,337,671,481,1093,1931,3252,3015,2498,1173,0.30966,0.10815,0.09872,0.26729,0.32884,135,0.41317,0.49018,0.57733,-15.05187,-9.01728,-13.58373,-7.94241,-9.80266,-8.4835,6.03459,1.66922,5.64132,5.64132,1.31916,1.1555,0,0,0,0,0,0,0,0,0,0,-15.05187,-9.01728,-13.58373,-7.94241,-9.80266,-8.4835,6.03459,1.66922,5.64132,5.64132,1.31916,1.1555,8733,6223,3032,2486,2798,4027,1631,2206,360,624
LR2018,Ndalu,Lungai,0.793644,34.897,0.779332,34.90301,58421,scduma43,7.14,52,5.25,4.765,10.17838,1562.679,6.50814,2.63956,1.11813,1.06795,1.08857,0.42337,0.40729,1.08857,0.24187,0.13128,0.25523,-0.58614,-0.60521,-0.66791,0.69659,2.83257,3.06596,4.02246,0.44585,0.44981,0.48215,1608,2569,3517,3365,3205,2808,1488,783,878,478,1154,2001,2980,2856,2359,1164,3082,536,758,698,3355,356,668,600,1025,1828,3239,3102,2625,1035,0.34549,0.23896,0.17734,0.31601,0.34082,254.74489,0.42097,0.44316,0.5113,-12.35328,-5.94398,-13.15362,-8.48474,-13.40054,-9.86137,6.4093,2.07829,4.66887,4.66887,3.53917,1.35889,0,0,0,0,0,0,0,0,0,0,-12.35328,-5.94398,-13.15362,-8.48474,-13.40054,-9.86137,6.4093,2.07829,4.66887,4.66887,3.53917,1.35889,9602,6620,2622,2643,2370,4183,1572,2047,478,688
LR2018,Ndalu,Lungai,0.789912,34.90348,0.779332,34.90301,58423,scduma43,6.66,49,4.57,4.05,12.83951,1337.716,6.37401,3.01779,1.16688,1.13844,1.0798,0.38586,0.33813,1.0798,0.29565,0.28605,0.24281,-0.55971,-0.58288,-0.63324,0.70999,2.54251,2.79479,3.45315,0.39179,0.33288,0.47361,1553,2519,3087,3167,2864,2532,1498,848,894,461,961,1821,2756,2502,2198,1197,2330,307,614,553,3184,329,715,540,882,1729,3341,3137,2628,1096,0.32786,0.16689,0.09722,0.23947,0.32295,175.60129,0.36289,0.40903,0.52972,-12.31896,-7.18346,-12.81917,-6.62892,-14.18835,-9.80081,5.1355,1.71491,6.19024,6.19024,4.38754,1.44767,0,0,0,0,0,0,0,0,0,0,-12.31896,-7.18346,-12.81917,-6.62892,-14.18835,-9.80081,5.1355,1.71491,6.19024,6.19024,4.38754,1.44767,8625,6278,3181,2709,2652,3824,1875,2088,380,860
LR2018,Ndalu,Lungai,0.789662,34.90534,0.779332,34.90301,58424,scduma43,4.44,32,4.52,4.5525,-0.71389,1321.256,10.95681,1.38974,1.30868,1.09282,1.07406,0.31513,0.44689,1.07406,0.4,0.2883,0.26439,-0.56749,-0.64628,-0.67025,0.73845,2.62421,3.65419,4.06516,0.29747,0.45654,0.52537,1813,2712,3067,2874,2808,2493,1516,1008,793,432,1239,2121,3149,2920,2609,1226,3109,295,668,534,3576,313,706,538,1206,2045,3468,3277,2786,1253,0.30456,0.10755,0.09313,0.31545,0.36162,180,0.24239,0.52236,0.56657,-14.1141,-8.89426,-16.04054,-9.11685,-14.43237,-9.21432,5.21984,1.58688,6.92369,6.92369,5.21806,1.5663,0,0,0,0,0,0,0,0,0,0,-14.1141,-8.89426,-16.04054,-9.11685,-14.43237,-9.21432,5.21984,1.58688,6.92369,6.92369,5.21806,1.5663,9459,6986,3549,2054,2345,4098,1786,2182,490,589
LR2018,Ndalu,Lungai,0.795118,34.90415,0.779332,34.90301,58444,scduma43,7.14,52,9.45,8.815,7.20363,2945.502,6.40432,2.92785,1.42437,1.21311,1.07991,0.27254,0.33578,1.07991,0.44466,0.36101,0.2561,-0.51301,-0.54993,-0.64857,0.71843,2.1069,2.44372,3.69104,0.24782,0.32362,0.47112,1963,2880,2810,2703,2648,2476,1638,1103,870,424,1280,2132,2832,2572,2316,1306,2631,354,764,754,3143,305,670,515,929,1778,3284,3081,2548,1057,0.29194,0.18376,0.10067,0.27369,0.31849,341.56506,0.1727,0.32873,0.53997,-15.84229,-7.8663,-13.06845,-9.19225,-14.46997,-8.82746,7.97599,2.01394,3.87621,3.87621,5.64251,1.6392,0,0,0,0,0,0,0,0,0,0,-15.84229,-7.8663,-13.06845,-9.19225,-14.46997,-8.82746,7.97599,2.01394,3.87621,3.87621,5.64251,1.6392,8802,6765,3478,2477,2303,3995,1907,1981,408,619
LR2018,Ndalu,Lungai,0.793442,34.90332,0.779332,34.90301,58472,scduma43,5.33,39,4.95,4.4375,11.5493,1463.915,8.17617,1.99208,1.12214,1.05799,1.03853,0.44347,0.47704,1.03853,0.34707,0.26863,0.18944,-0.65865,-0.72181,-0.73376,0.80519,3.85907,5.18941,5.51193,0.44529,0.48947,0.56985,1358,2376,3192,3241,2982,2626,1314,621,667,301,932,1830,3047,2735,2416,1021,3039,211,491,366,3549,261,545,383,846,1749,3723,3533,2853,1043,0.33,0.08052,0.08326,0.3061,0.35696,125.53768,0.48077,0.63235,0.66521,-13.06582,-8.87972,-13.43956,-8.48401,-14.19696,-8.19871,4.18609,1.47142,4.95555,4.95555,5.99825,1.73161,0,0,0,0,0,0,0,0,0,0,-13.06582,-8.87972,-13.43956,-8.48401,-14.19696,-8.19871,4.18609,1.47142,4.95555,4.95555,5.99825,1.73161,9791,6076,3472,2678,2609,4093,1767,2082,474,738
LR2018,Ndalu,Lungai,0.804071,34.89362,0.779332,34.90301,58552,scduma43,6.66,49,6.03,5.7625,4.642082,1820.588,7.79062,0.73256,1.17343,1.14439,1.07616,0.39279,0.3594,1.07616,0.35512,0.30786,0.2418,-0.60468,-0.58362,-0.64855,0.71884,3.05921,2.80328,3.69069,0.38764,0.35461,0.47166,1686,2601,3060,3085,2914,2745,1479,767,760,365,1174,2055,2608,2389,2149,1169,2552,317,671,599,3124,312,666,511,1022,1896,3186,3087,2481,1127,0.31789,0.15438,0.10544,0.26214,0.31655,251.56505,0.38443,0.41087,0.5415,-14.00719,-8.04988,-11.81418,-7.09596,-14.12683,-7.83855,5.9573,1.74005,4.71822,4.71822,6.28828,1.80223,0,0,0,0,0,0,0,0,0,0,-14.00719,-8.04988,-11.81418,-7.09596,-14.12683,-7.83855,5.9573,1.74005,4.71822,4.71822,6.28828,1.80223,8662,6605,2964,2656,2646,4181,1770,2043,364,629
LR2018,Ndalu,Lungai,0.779355,34.90892,0.779332,34.90301,58572,scduma43,6.66,49,11.02,9.6475,14.22648,3461.32,8.18987,0.98279,1.25846,1.17634,1.06509,0.31799,0.33696,1.06509,0.37702,0.34486,0.23463,-0.55614,-0.58475,-0.66543,0.74488,2.50594,2.81633,3.97781,0.30308,0.32558,0.51196,1904,2831,2837,2654,2618,2450,1366,851,757,385,1184,2014,2315,2066,1852,1091,2431,303,637,622,3365,305,676,492,981,1855,3484,3290,2708,1097,0.27871,0.18438,0.08215,0.25093,0.34008,45,0.28201,0.37456,0.57714,-13.35492,-9.31169,-14.96247,-8.47084,-14.00078,-10.60901,4.04323,1.43421,6.49163,6.49163,3.39177,1.31971,0,0,0,0,0,0,0,0,0,0,-13.35492,-9.31169,-14.96247,-8.47084,-14.00078,-10.60901,4.04323,1.43421,6.49163,6.49163,3.39177,1.31971,8197,6653,3738,2948,2905,4303,1735,2053,515,665
LR2018,Ndalu,Lungai,0.782286,34.90219,0.779332,34.90301,58582,scduma43,6.66,49,4.32,3.9625,9.022082,1255.388,7.8332,4.90243,1.53722,1.08395,1.0712,0.22714,0.46012,1.0712,0.43695,0.2634,0.2472,-0.50598,-0.60417,-0.63948,0.73572,2.04845,3.05263,3.54759,0.20388,0.47676,0.49781,1977,2785,2686,2454,2533,2258,1386,1151,805,451,1078,2025,3125,2882,2560,1256,3234,316,798,542,3297,303,725,502,1025,1940,3434,3234,2706,1187,0.27105,0.03623,0.05229,0.32791,0.3335,8.1301,0.11581,0.53215,0.56386,-14.08145,-9.50962,-14.65701,-9.24622,-13.41572,-9.58267,4.57183,1.48076,5.41078,5.41078,3.83305,1.4,0,0,0,0,0,0,0,0,0,0,-14.08145,-9.50962,-14.65701,-9.24622,-13.41572,-9.58267,4.57183,1.48076,5.41078,5.41078,3.83305,1.4,9347,6682,4050,1848,2070,4005,1825,2144,451,587
LR2018,Ndalu,Lungai,0.782286,34.90219,0.779332,34.90301,58582,scduma43,7.14,52,5.2,3.9625,31.23028,1546.218,7.8332,4.90243,1.53722,1.08395,1.0712,0.22714,0.46012,1.0712,0.43695,0.2634,0.2472,-0.50598,-0.60417,-0.63948,0.73572,2.04845,3.05263,3.54759,0.20388,0.47676,0.49781,1977,2785,2686,2454,2533,2258,1386,1151,805,451,1078,2025,3125,2882,2560,1256,3234,316,798,542,3297,303,725,502,1025,1940,3434,3234,2706,1187,0.27105,0.03623,0.05229,0.32791,0.3335,8.1301,0.11581,0.53215,0.56386,-14.08145,-9.50962,-14.65701,-9.24622,-13.41572,-9.58267,4.57183,1.48076,5.41078,5.41078,3.83305,1.4,0,0,0,0,0,0,0,0,0,0,-14.08145,-9.50962,-14.65701,-9.24622,-13.41572,-9.58267,4.57183,1.48076,5.41078,5.41078,3.83305,1.4,9347,6682,4050,1848,2070,4005,1825,2144,451,587
LR2018,Ndalu,Lungai,0.781454,34.90906,0.779332,34.90301,60338,scduma43,4.44,32,4.7,4.8325,-2.74185,1381.611,6.96629,1.67011,1.62709,1.15208,1.06797,0.19724,0.35591,1.06797,0.46814,0.33182,0.23218,-0.50299,-0.59669,-0.63581,0.73492,2.02405,2.95893,3.49168,0.17256,0.3474,0.52254,2114,2726,2267,2138,2042,1861,1292,1060,707,384,1217,2098,3085,2878,2662,1220,2506,294,633,586,3508,334,781,536,1109,1971,3536,3331,2863,1271,0.23863,0.16325,0.05391,0.25736,0.35487,56.30993,0.0866,0.40987,0.5637,-15.13441,-7.48101,-13.36912,-7.47376,-15.33392,-8.79956,7.6534,2.02304,5.89536,5.89536,6.53436,1.74258,0,0,0,0,0,0,0,0,0,0,-15.13441,-7.48101,-13.36912,-7.47376,-15.33392,-8.79956,7.6534,2.02304,5.89536,5.89536,6.53436,1.74258,8585,6730,4715,1601,2317,4214,1975,2193,525,670
LR2018,Ndalu,Lungai,0.781673,34.90206,0.779332,34.90301,64011,scduma43,7.14,52,6.48,6.1225,5.839118,1968.759,6.13901,3.81512,1.17708,1.16402,1.08125,0.38814,0.37788,1.08125,0.34228,0.30723,0.29319,-0.57523,-0.55323,-0.66164,0.73618,2.70848,2.47658,3.91088,0.38492,0.37884,0.48573,1831,2875,3222,3104,2951,2699,1575,800,837,392,1343,2262,3066,2865,2614,1415,2969,407,854,768,3251,270,662,494,959,1847,3343,3158,2587,1060,0.32054,0.15821,0.07153,0.30667,0.32883,345.96375,0.37206,0.37459,0.56177,-13.04527,-7.93244,-13.40044,-8.4703,-13.30048,-10.10629,5.11284,1.64455,4.93014,4.93014,3.19419,1.31606,0,0,0,0,0,0,0,0,0,0,-13.04527,-7.93244,-13.40044,-8.4703,-13.30048,-10.10629,5.11284,1.64455,4.93014,4.93014,3.19419,1.31606,9387,7051,3092,2285,2156,4239,1905,1769,358,652
LR2018,Ndalu,Lungai,0.787974,34.90391,0.779332,34.90301,65997,scduma43,7.14,52,6.52,6.0275,8.170883,1979.733,9.15826,4.09817,1.35123,1.24929,1.07283,0.27522,0.27421,1.07283,0.40613,0.37222,0.24603,-0.54218,-0.55977,-0.65255,0.73055,2.36856,2.5431,3.75629,0.25514,0.25662,0.4656,1717,2613,2828,2486,2650,2313,1371,940,738,397,1026,1840,2509,2324,2063,979,2055,296,580,647,3025,285,636,471,876,1762,3221,3109,2537,934,0.26578,0.23835,0.08621,0.21544,0.30614,163.61046,0.21058,0.28999,0.55691,-12.84071,-10.34054,-13.70557,-7.8112,-14.8534,-8.28268,2.50017,1.24178,5.89437,5.89437,6.57071,1.79331,0,0,0,0,0,0,0,0,0,0,-12.84071,-10.34054,-13.70557,-7.8112,-14.8534,-8.28268,2.50017,1.24178,5.89437,5.89437,6.57071,1.79331,8084,6229,3496,2708,2577,4047,2004,2101,555,632
LR2018,Ndalu,Lungai,0.787653,34.89624,0.779332,34.90301,66038,scduma43,7.14,52,5.03,5.145,-2.23518,1491.349,6.91169,1.76378,1.16299,1.14513,1.07605,0.40267,0.40213,1.07605,0.33735,0.26833,0.24361,-0.58703,-0.55356,-0.64897,0.72034,2.84299,2.47987,3.69752,0.402,0.4163,0.44053,1630,2605,3132,3182,2826,2666,1484,777,828,385,1359,2336,3169,2924,2651,1496,3285,484,944,839,2842,281,605,462,890,1706,2904,2795,2264,1075,0.32755,0.16718,0.10237,0.33904,0.28793,203.19859,0.39309,0.38388,0.54337,-12.68186,-8.81606,-14.30833,-7.54767,-14.85988,-10.11858,3.8658,1.43849,6.76066,6.76066,4.7413,1.46857,0,0,0,0,0,0,0,0,0,0,-12.68186,-8.81606,-14.30833,-7.54767,-14.85988,-10.11858,3.8658,1.43849,6.76066,6.76066,4.7413,1.46857,9147,6932,2627,2140,2004,4166,1863,1629,321,657
LR2018,Ndalu,Lungai,0.785772,34.89971,0.779332,34.90301,66220,scduma43,6.66,49,5.12,4.6325,10.52348,1518.784,6.18118,3.65802,1.19657,1.09276,1.0403,0.36621,0.42217,1.0403,0.33812,0.31657,0.17035,-0.58059,-0.64889,-0.71065,0.78318,2.76855,3.69625,4.91214,0.36149,0.42131,0.58018,1614,2613,3208,2996,2901,2620,1491,839,795,415,903,1734,3103,2786,2349,1035,2752,231,586,445,3701,319,626,450,876,1777,3965,3872,2954,1065,0.31113,0.07132,0.10251,0.27877,0.37283,145.30484,0.34054,0.54041,0.63415,-11.59043,-9.38039,-12.09789,-8.02806,-13.11247,-8.35901,2.21004,1.2356,4.06983,4.06983,4.75346,1.56866,0,0,0,0,0,0,0,0,0,0,-11.59043,-9.38039,-12.09789,-8.02806,-13.11247,-8.35901,2.21004,1.2356,4.06983,4.06983,4.75346,1.56866,9641,6361,3866,2884,2616,3991,1872,2223,551,671
LR2018,Ndalu,Lungai,0.785717,34.89995,0.779332,34.90301,66221,scduma43,7.14,52,5.7,5.335,6.841612,1710.85,6.18118,4.68049,1.27073,1.14707,1.04585,0.33396,0.37542,1.04585,0.37431,0.378,0.20108,-0.5642,-0.64047,-0.67993,0.78502,2.58922,3.56283,4.24858,0.32146,0.36296,0.57441,1689,2600,3389,2997,2938,2611,1542,995,835,453,1020,1818,2788,2594,2237,1048,2578,246,565,545,3695,296,704,445,905,1814,3540,3440,2861,1080,0.31579,0.16667,0.02561,0.2635,0.37217,147.09476,0.26838,0.44303,0.63532,-12.91231,-9.91857,-12.31948,-9.43041,-12.92286,-8.22323,2.99374,1.30183,2.88906,2.88906,4.69963,1.57151,0,0,0,0,0,0,0,0,0,0,-12.91231,-9.91857,-12.31948,-9.43041,-12.92286,-8.22323,2.99374,1.30183,2.88906,2.88906,4.69963,1.57151,9291,6533,3577,2997,2622,3957,1807,2177,481,515
LR2018,Ndalu,Lungai,0.772051,34.89325,0.779332,34.90301,66336,scduma43,6.66,49,6.28,6.17,1.78282,1902.916,6.89659,5.35783,1.1736,1.22627,1.07084,0.39026,0.33971,1.07084,0.32954,0.32708,0.23954,-0.57974,-0.53616,-0.65591,0.73176,2.75895,2.31179,3.8125,0.38982,0.33501,0.4819,1595,2562,3253,3150,3048,2775,1547,817,838,412,1258,2070,2960,2667,2480,1318,2921,466,882,919,3157,300,656,489,988,1759,3048,2995,2525,1063,0.32542,0.22188,0.09204,0.30622,0.31946,82.56859,0.37105,0.29646,0.55896,-13.72386,-7.72236,-13.66493,-8.23193,-13.62868,-9.14972,6.0015,1.77716,5.433,5.433,4.47896,1.48952,0,0,0,0,0,0,0,0,0,0,-13.72386,-7.72236,-13.66493,-8.23193,-13.62868,-9.14972,6.0015,1.77716,5.433,5.433,4.47896,1.48952,9124,6731,2632,2371,2283,3964,1809,1790,329,719
LR2018,Ndalu,Lungai,0.780195,34.89679,0.779332,34.90301,66337,scduma43,5.33,39,4.3,4.0075,7.298815,1249.901,6.48558,2.69969,1.1786,1.16101,1.05667,0.39348,0.38568,1.05667,0.33866,0.34496,0.21008,-0.57644,-0.59265,-0.65874,0.75391,2.7219,2.90982,3.86062,0.39214,0.38032,0.54564,1546,2555,3491,3212,3276,2983,1476,838,863,414,1187,2128,3328,3213,2785,1356,2905,338,743,694,3592,329,739,504,1122,2082,3872,3651,3127,1246,0.33195,0.16282,0.0598,0.29867,0.36272,30.96376,0.36779,0.40056,0.59099,-14.71152,-7.72019,-13.95849,-8.05643,-14.47037,-9.11495,6.99133,1.90559,5.90206,5.90206,5.35542,1.58754,0,0,0,0,0,0,0,0,0,0,-14.71152,-7.72019,-13.95849,-8.05643,-14.47037,-9.11495,6.99133,1.90559,5.90206,5.90206,5.35542,1.58754,10038,6873,3303,2577,2648,3930,2076,2112,419,649
LR2018,Ndalu,Lungai,0.781438,34.90206,0.779332,34.90301,66338,scduma43,5.33,39,4.95,4.785,3.448276,1463.915,6.69822,6.52422,1.17632,1.11175,1.0895,0.38934,0.40612,1.0895,0.32243,0.29941,0.27399,-0.56027,-0.59875,-0.62303,0.70613,2.54828,2.98442,3.30552,0.39059,0.40758,0.46784,1713,2799,3327,3197,3021,2741,1572,849,901,435,1247,2203,3066,2802,2541,1367,2813,296,706,549,3199,314,743,551,1008,1867,3442,3208,2736,1155,0.33078,0.08962,0.07587,0.28661,0.32461,351.8699,0.36285,0.47801,0.52243,-11.96793,-7.32729,-13.4408,-8.43451,-14.15928,-9.85647,4.64065,1.63334,5.00629,5.00629,4.30282,1.43655,0,0,0,0,0,0,0,0,0,0,-11.96793,-7.32729,-13.4408,-8.43451,-14.15928,-9.85647,4.64065,1.63334,5.00629,5.00629,4.30282,1.43655,9454,6957,3034,2492,2365,4113,1936,1988,304,677
LR2018,Ndalu,Lungai,0.768844,34.89801,0.779332,34.90301,66351,scduma43,6.66,49,5.48,4.7275,15.9175,1636.777,0,0.73256,0,0,0,0,0,0,0,0,0,0,0,0,0,0,0,0,0,0,0,0,0,0,0,0,0,0,0,0,0,0,0,0,0,0,0,0,0,0,0,0,0,0,0,0,0,0,0,0,0,0,0,0,0,0,0,0,0,0,-14.5691,-9.18328,-13.36377,-7.01241,-14.12709,-8.85061,5.38582,1.58648,6.35137,6.35137,5.27648,1.59617,0,0,0,0,0,0,0,0,0,0,-14.5691,-9.18328,-13.36377,-7.01241,-14.12709,-8.85061,5.38582,1.58648,6.35137,6.35137,5.27648,1.59617,8864,6418,2376,2998,2311,4091,1978,1893,474,760
LR2018,Ndalu,Lungai,0.79346,34.90351,0.779332,34.90301,66384,scduma43,7.14,52,6.13,5.17,18.56867,1853.51,8.17617,1.99208,1.17647,1.13819,1.05267,0.39097,0.40051,1.05267,0.36652,0.34586,0.20721,-0.62884,-0.63295,-0.67705,0.76521,3.38849,3.44892,4.19293,0.38365,0.39576,0.54473,1424,2402,3133,3050,2858,2554,1375,755,695,350,1004,1890,3018,2794,2359,1161,2874,296,646,609,3526,308,679,469,890,1759,3749,3445,2986,1105,0.31421,0.16699,0.06731,0.29378,0.35571,125.53768,0.38493,0.44485,0.60687,-13.222,-8.57259,-13.71377,-8.50073,-14.7256,-8.27544,4.64942,1.54236,5.21304,5.21304,6.45016,1.77943,0,0,0,0,0,0,0,0,0,0,-13.222,-8.57259,-13.71377,-8.50073,-14.7256,-8.27544,4.64942,1.54236,5.21304,5.21304,6.45016,1.77943,9550,6238,3580,2548,2687,4022,1964,2024,401,782
LR2018,Ndalu,Lungai,0.777036,34.87883,0.779332,34.90301,66397,scduma43,6.66,49,4.87,4.765,2.203568,1436.48,7.44404,1.03594,1.35041,1.09419,1.07176,0.29191,0.41761,1.07176,0.3992,0.27138,0.2607,-0.54098,-0.63057,-0.67533,0.74238,2.35714,3.41369,4.16013,0.27347,0.42393,0.49785,2003,2865,2818,2773,2645,2364,1538,1055,826,453,997,1899,2984,2757,2417,1188,2838,294,643,513,3287,285,637,486,923,1781,3380,3231,2662,1089,0.29669,0.1131,0.09517,0.2884,0.33227,63.43495,0.20915,0.50649,0.57218,-12.90285,-9.94563,-14.6729,-8.55024,-15.21338,-9.73666,2.95722,1.29734,6.12266,6.12266,5.47672,1.56248,0,0,0,0,0,0,0,0,0,0,-12.90285,-9.94563,-14.6729,-8.55024,-15.21338,-9.73666,2.95722,1.29734,6.12266,6.12266,5.47672,1.56248,8870,6710,3751,2420,2015,4032,1809,2189,435,671
LR2018,Ndalu,Lungai,0.775179,34.90742,0.779332,34.90301,66438,scduma43,6.66,49,5.67,5.5125,2.857143,1699.876,6.56511,2.49357,1.25824,1.11621,1.07468,0.35222,0.39038,1.07468,0.34751,0.27059,0.23297,-0.52547,-0.57309,-0.64926,0.71672,2.2147,2.68484,3.70226,0.34717,0.39503,0.47248,1998,3004,3313,3324,3111,2731,1684,1109,1034,537,1143,2118,3179,2695,2452,1320,2771,341,752,594,3127,321,665,516,950,1777,3080,2969,2398,1062,0.35041,0.10848,0.11451,0.2834,0.31693,158.19859,0.27027,0.44744,0.53929,-13.34616,-10.094,-12.54109,-7.66941,-13.6065,-9.23726,3.25217,1.32219,4.87168,4.87168,4.36924,1.473,0,0,0,0,0,0,0,0,0,0,-13.34616,-10.094,-12.54109,-7.66941,-13.6065,-9.23726,3.25217,1.32219,4.87168,4.87168,4.36924,1.473,9091,7136,2908,2534,1839,3962,1868,1994,442,442
LR2018,Ndalu,Lungai,0.795806,34.89627,0.779332,34.90301,66474,scduma43,6.66,49,5.13,4.6625,10.02681,1524.271,8.36033,2.0712,1.2231,1.14306,1.07667,0.3681,0.37665,1.07667,0.34469,0.30382,0.23503,-0.52961,-0.54696,-0.61537,0.71281,2.25175,2.4146,3.19975,0.36417,0.37557,0.49107,1855,2982,3520,3255,3319,3064,1720,987,1001,481,1199,2210,3145,2897,2716,1336,2759,346,808,648,3322,345,791,557,1041,2020,3593,3343,2869,1259,0.34014,0.10322,0.06556,0.28341,0.33684,135,0.30858,0.41104,0.53399,-15.39945,-10.62223,-15.33299,-10.42143,-14.85725,-10.33172,4.77722,1.44974,4.91156,4.91156,4.52553,1.43802,0,0,0,0,0,0,0,0,0,0,-15.39945,-10.62223,-15.33299,-10.42143,-14.85725,-10.33172,4.77722,1.44974,4.91156,4.91156,4.52553,1.43802,10620,7502,3042,2669,2340,4145,1628,2076,261,544
LR2018,Ndalu,Lungai,0.789952,34.90271,0.779332,34.90301,66762,scduma43,7.14,52,3.5,3.37,3.857567,986.5052,6.50814,3.65802,1.26841,1.07878,1.05246,0.33519,0.47703,1.05246,0.36516,0.22786,0.18536,-0.56396,-0.63375,-0.64664,0.74881,2.58678,3.46076,3.66,0.32445,0.50765,0.53756,1595,2439,2951,3038,2841,2391,1411,1015,847,472,903,1786,3215,2806,2534,1151,3524,388,790,617,3495,345,750,502,806,1674,3389,3392,2747,1030,0.32031,0.11978,0.06074,0.35776,0.35309,164.74489,0.26715,0.5204,0.58547,-13.06748,-9.08555,-14.72586,-9.54386,-14.27829,-7.37127,3.98193,1.43827,5.182,5.182,6.90702,1.93702,0,0,0,0,0,0,0,0,0,0,-13.06748,-9.08555,-14.72586,-9.54386,-14.27829,-7.37127,3.98193,1.43827,5.182,5.182,6.90702,1.93702,10674,6061,3311,2163,2142,3779,1444,1968,550,634
LR2018,Ndalu,Lungai,0.795557,34.90116,0.779332,34.90301,66772,scduma43,5.33,39,5.35,5.2575,1.759391,1595.625,6.78988,1.99208,1.15853,1.10551,1.05841,0.37839,0.39433,1.05841,0.32947,0.28974,0.2129,-0.58073,-0.61477,-0.67429,0.75033,2.77025,3.19176,4.14041,0.37436,0.39417,0.51076,1532,2547,2897,2839,2653,2420,1307,688,753,347,1063,1928,2708,2382,2122,1067,2645,277,631,503,3295,305,641,470,897,1789,3218,2998,2432,974,0.29212,0.1056,0.09463,0.26924,0.33284,54.46232,0.39676,0.48778,0.5859,-14.95587,-10.2565,-14.65283,-9.04775,-12.56492,-10.20086,4.69936,1.45818,5.60509,5.60509,2.36407,1.23175,0,0,0,0,0,0,0,0,0,0,-14.95587,-10.2565,-14.65283,-9.04775,-12.56492,-10.20086,4.69936,1.45818,5.60509,5.60509,2.36407,1.23175,8551,6176,3294,2467,2519,4211,1640,2001,456,584
LR2018,Ndalu,Lungai,0.772367,34.89923,0.779332,34.90301,66804,scduma43,5.33,39,5.3,5.1275,3.364213,1579.14,5.96399,4.54202,1.42925,1.2607,1.07217,0.27059,0.29333,1.07217,0.37199,0.39612,0.21618,-0.48043,-0.56599,-0.63194,0.71123,1.84934,2.60822,3.43385,0.25656,0.27426,0.47176,2763,3786,3371,3026,3019,2759,2054,1337,1062,612,1255,2048,2263,1964,1747,1113,2284,311,633,719,3117,339,703,526,970,1839,3285,3043,2527,1057,0.33082,0.23873,0.10332,0.23945,0.31611,165.25644,0.15272,0.28688,0.53327,-13.31479,-7.96478,-13.33321,-10.19872,-16.10997,-9.30312,5.35001,1.67171,3.13448,3.13448,6.80686,1.73167,0,0,0,0,0,0,0,0,0,0,-13.31479,-7.96478,-13.33321,-10.19872,-16.10997,-9.30312,5.35001,1.67171,3.13448,3.13448,6.80686,1.73167,8013,7888,3299,3628,2113,4130,1722,2139,537,538
LR2018,Ndalu,Lungai,0.773813,34.8995,0.779332,34.90301,66823,scduma43,6.66,49,4.58,4.445,3.03712,1343.203,7.31286,1.18111,1.13238,1.21822,1.07692,0.43016,0.35214,1.07692,0.31153,0.36013,0.25768,-0.62005,-0.55276,-0.65895,0.72704,3.26384,2.47186,3.86416,0.43759,0.34239,0.49884,1368,2328,3518,3313,3221,2733,1184,722,777,379,1135,2031,3228,3039,2604,1178,2899,398,835,846,3366,314,692,532,964,1834,3551,3355,2780,1084,0.33908,0.19673,0.10013,0.30199,0.34078,78.69007,0.43769,0.32171,0.55143,-13.80874,-8.06606,-13.17933,-8.27218,-13.6481,-9.82428,5.74268,1.71196,4.90715,4.90715,3.82383,1.38922,0,0,0,0,0,0,0,0,0,0,-13.80874,-8.06606,-13.17933,-8.27218,-13.6481,-9.82428,5.74268,1.71196,4.90715,4.90715,3.82383,1.38922,9121,6783,3156,2590,2642,4028,1929,1857,517,624
LR2018,Ndalu,Lungai,0.770393,34.8999,0.779332,34.90301,70129,scduma43,4.44,32,6.75,6.6675,1.237345,2056.55,7.15636,4.137,1.17463,1.0652,1.06548,0.38894,0.44232,1.06548,0.34242,0.26123,0.28058,-0.5891,-0.67086,-0.7188,0.76991,2.86733,4.0765,5.1125,0.38565,0.44939,0.52363,2081,2998,3129,3090,2805,2590,1522,788,799,386,997,1874,2844,2527,2192,1008,2787,222,549,379,3423,250,560,445,908,1791,3441,3178,2537,933,0.31889,0.04522,0.10757,0.28127,0.34518,333.43494,0.37609,0.59756,0.60991,-13.67653,-8.84701,-13.21817,-7.95996,-15.39674,-8.45317,4.82952,1.54589,5.25821,5.25821,6.94357,1.82142,0,0,0,0,0,0,0,0,0,0,-13.67653,-8.84701,-13.21817,-7.95996,-15.39674,-8.45317,4.82952,1.54589,5.25821,5.25821,6.94357,1.82142,9336,6536,3679,2587,2068,4276,1665,2222,543,728
LR2018,Ndalu,Lungai,0.784334,34.89412,0.779332,34.90301,70136,scduma43,6.66,49,5.2,5.03,3.379722,1546.218,8.13719,3.65802,1.15546,1.06069,1.05511,0.36969,0.45553,1.05511,0.33403,0.22111,0.24128,-0.5855,-0.65483,-0.69176,0.7791,2.82504,3.79421,4.48851,0.36316,0.47288,0.5521,1712,2635,2797,2689,2544,2310,1363,637,703,318,874,1733,3048,2846,2407,1034,2982,273,622,428,3584,272,653,445,845,1702,3652,3515,2788,952,0.27634,0.05971,0.04672,0.30126,0.36115,18.43495,0.40481,0.58356,0.62495,-14.74474,-8.12406,-13.66923,-8.93553,-15.01116,-10.21433,6.62069,1.81495,4.7337,4.7337,4.79683,1.46962,0,0,0,0,0,0,0,0,0,0,-14.74474,-8.12406,-13.66923,-8.93553,-15.01116,-10.21433,6.62069,1.81495,4.7337,4.7337,4.79683,1.46962,9723,6447,3778,2191,2369,4154,1829,1912,328,585
LR2018,Ndalu,Lungai,0.788612,34.90784,0.779332,34.90301,71432,scduma43,7.14,52,4.4,4.385,0.342075,1282.823,6.5399,5.10418,1.45632,1.09087,1.08537,0.24335,0.44749,1.08537,0.41579,0.25813,0.30914,-0.50658,-0.5971,-0.66327,0.73446,2.05335,2.96406,3.93944,0.22214,0.4639,0.47512,1931,2788,2949,2461,2824,2478,1577,1076,806,444,1168,2042,3143,2838,2492,1250,3199,342,807,580,3181,257,644,487,1152,1910,3072,2931,2443,1071,0.26859,0.06651,0.07205,0.32512,0.32181,185.19443,0.1489,0.50649,0.55848,-14.37699,-8.26555,-14.20458,-10.12189,-14.19068,-8.69868,6.11145,1.73939,4.08268,4.08268,5.492,1.63136,0,0,0,0,0,0,0,0,0,0,-14.37699,-8.26555,-14.20458,-10.12189,-14.19068,-8.69868,6.11145,1.73939,4.08268,4.08268,5.492,1.63136,9327,6781,3399,2240,1957,3880,1780,2060,456,528
LR2018,Ndalu,Lungai,0.790938,34.90169,0.779332,34.90301,75503,scduma43,7.14,52,5.68,5.4525,4.172398,1705.363,7.55562,2.77784,1.24685,1.12749,1.0615,0.34344,0.36008,1.0615,0.3547,0.30721,0.18984,-0.54599,-0.59776,-0.64773,0.7218,2.40516,2.97213,3.67742,0.33488,0.35375,0.47332,1959,2895,3055,3034,2756,2535,1524,972,891,463,978,1848,2638,2394,2068,1017,2423,274,610,517,3045,335,651,492,941,1827,3118,2979,2465,996,0.31859,0.12919,0.11908,0.24775,0.30845,180,0.28543,0.44573,0.54904,-12.68208,-8.64708,-13.84852,-8.1833,-15.99052,-11.29042,4.03501,1.46663,5.66522,5.66522,4.70011,1.41629,0,0,0,0,0,0,0,0,0,0,-12.68208,-8.64708,-13.84852,-8.1833,-15.99052,-11.29042,4.03501,1.46663,5.66522,5.66522,4.70011,1.41629,8342,6654,3149,2844,2239,4023,1754,2258,485,686
LR2018,Ndalu,Lungai,0.777101,34.91082,0.779332,34.90301,78420,scduma43,6.66,49,6.87,6.14,11.88925,2094.958,6.21854,3.52422,1.11672,1.0746,1.07125,0.41078,0.43974,1.07125,0.32683,0.28213,0.29954,-0.6383,-0.69439,-0.69664,0.76389,3.52951,4.5442,4.59292,0.40901,0.44492,0.48917,1140,2197,3061,2840,2961,2483,1042,544,627,276,987,1862,3000,2738,2457,936,2822,229,509,409,3160,228,565,423,867,1728,3419,3158,2633,993,0.28916,0.11247,0.07072,0.28515,0.31882,113.19859,0.4824,0.57715,0.60038,-16.29597,-8.89934,-13.92552,-9.10081,-15.32525,-10.63238,7.39663,1.83114,4.82471,4.82471,4.69288,1.44138,0,0,0,0,0,0,0,0,0,0,-16.29597,-8.89934,-13.92552,-9.10081,-15.32525,-10.63238,7.39663,1.83114,4.82471,4.82471,4.69288,1.44138,9240,5806,3105,2193,2547,4240,2086,2111,491,606
LR2018,Ndalu,Lungai,0.781384,34.90573,0.779332,34.90301,78425,scduma43,6.66,49,4.98,4.7,5.957447,1474.889,5.86982,4.98839,1.11111,1.07578,1.07203,0.46512,0.46521,1.07203,0.29412,0.2602,0.26641,-0.62135,-0.64481,-0.66428,0.74495,3.28196,3.63081,3.95729,0.48232,0.48157,0.50668,1479,2635,3745,3584,3510,3107,1478,704,837,384,1211,2300,3516,3183,2880,1262,3186,290,688,494,3366,285,679,492,1111,2072,3667,3437,2997,1244,0.36525,0.06522,0.06731,0.32241,0.34018,13.3925,0.47619,0.55735,0.5754,-14.12066,-8.74804,-14.12435,-10.52301,-13.79976,-9.07463,5.37263,1.61415,3.60134,3.60134,4.72513,1.5207,0,0,0,0,0,0,0,0,0,0,-14.12066,-8.74804,-14.12435,-10.52301,-13.79976,-9.07463,5.37263,1.61415,3.60134,3.60134,4.72513,1.5207,10384,6893,2734,2442,2415,4090,2102,2124,363,707
LR2018,Ndalu,Lungai,0.793502,34.90364,0.779332,34.90301,78434,scduma43,5.33,39,4.05,4.09,-0.978,1167.598,7.5253,1.90968,1.20969,1.1223,1.06448,0.37051,0.41371,1.06448,0.41209,0.35687,0.29226,-0.62371,-0.6438,-0.67944,0.77816,3.31509,3.61489,4.23913,0.35446,0.40833,0.5467,1293,2263,3003,2917,2773,2436,1274,771,676,321,954,1865,3065,2856,2384,1085,2852,255,618,538,3615,247,690,451,886,1835,3872,3619,3067,1119,0.30172,0.12403,0.00576,0.29023,0.3643,165.96376,0.35481,0.48554,0.62133,-14.01993,-7.96433,-13.52688,-7.94012,-14.48617,-8.97583,6.0556,1.76034,5.58676,5.58676,5.51034,1.61391,0,0,0,0,0,0,0,0,0,0,-14.01993,-7.96433,-13.52688,-7.94012,-14.48617,-8.97583,6.0556,1.76034,5.58676,5.58676,5.51034,1.61391,9873,6203,3960,2560,2851,4038,1849,2047,453,751
LR2018,Ndalu,Lungai,0.795357,34.90394,0.779332,34.90301,81059,scduma43,5.33,39,4.33,4.045,7.045735,1260.875,6.23164,3.47846,1.22217,1.09543,1.0626,0.37245,0.45712,1.0626,0.42385,0.30321,0.24548,-0.62923,-0.66151,-0.68681,0.75894,3.39416,3.90854,4.38591,0.35503,0.46679,0.53362,1364,2277,3263,3010,3086,2702,1254,818,685,331,1053,1903,3234,2952,2604,1136,3220,293,656,548,3517,292,653,482,943,1840,3600,3462,2879,1090,0.31192,0.12358,0.08479,0.32663,0.35499,86.18593,0.34258,0.52441,0.59606,-13.44793,-8.49062,-13.05787,-9.77953,-14.58883,-10.27883,4.95731,1.58386,3.27835,3.27835,4.31,1.41931,0,0,0,0,0,0,0,0,0,0,-13.44793,-8.49062,-13.05787,-9.77953,-14.58883,-10.27883,4.95731,1.58386,3.27835,3.27835,4.31,1.41931,8899,6312,3268,2207,2527,4036,1586,2081,501,436
