season,district,site,field_lati,field_long,site_latit,site_longi,block_id,seed_id,seed_rate_,seed_cost_,yield_t.ha,EnvIndex_t,RelYield_%,profit_USD,wi1_4326,slope_deg_,sipi91_432,sipi81_432,sipi71_432,savi91_432,savi81_432,savi71_432,npcri91_43,npcri81_43,npcri71_43,ndwi91_432,ndwi81_432,ndwi71_432,ndvi71_432,gci91_4326,gci81_4326,gci71_4326,evi91_4326,evi81_4326,evi71_4326,Composit_1,Composit_2,Composit_3,Composit_4,Composit_5,Composit_6,Composit_7,Composit_8,Composit_9,Composit10,Composit11,Composit12,Composit13,Composit14,Composit15,Composit16,Composit17,Composit18,Composit19,Composit20,Composit21,Composit22,Composit23,Composit24,Composit25,Composit26,Composit27,Composit28,Composit29,Composit30,bsi91_4326,bsi81_4326,bsi71_4326,bi81_4326,bi71_4326,aspect1_43,arvi91_432,arvi81_432,ARVI71_432
LR2018,Ndalu,Lungai,0.794619000000000,34.896990000000002,0.779332000000000,34.903010000000002,"40256",scduma43,7.140000000000000,"52",4.520000000000000,4.465000000000000,1.231803000000000,1321.256000000000085,7.87305,3.36925,1.35422,1.18508,1.09399,0.30687,0.36206,1.09399,0.37500,0.32658,0.29212,-0.51631,-0.55053,-0.63215,0.70634,2.13484,2.44964,3.43696,0.29375,0.35804,0.45445,2198.00000,3204.00000,3202.00000,3185.00000,2902.00000,2654.00000,1749.00000,1254.00000,1016.00000,570.00000,1256.00000,2132.00000,2679.00000,2467.00000,2234.00000,1177.00000,2877.00000,399.00000,834.00000,786.00000,3097.00000,292.00000,698.00000,533.00000,966.00000,1762.00000,2989.00000,2781.00000,2401.00000,1078.00000,0.34230,0.17385,0.08339,0.29824,0.31425,164.05461,0.19911,0.35149,0.52144
LR2018,Ndalu,Lungai,0.794742000000000,34.899500000000003,0.779332000000000,34.903010000000002,"40257",scduma43,7.140000000000000,"52",4.450000000000000,3.842500000000000,15.810020000000000,1299.282999999999902,9.04573,1.67011,1.28378,1.20892,1.08292,0.34305,0.34524,1.08292,0.37772,0.34797,0.25293,-0.53439,-0.55793,-0.64916,0.70884,2.29543,2.52417,3.70060,0.33136,0.33622,0.46660,1952.00000,2975.00000,3334.00000,3246.00000,3061.00000,2758.00000,1729.00000,1107.00000,985.00000,500.00000,1233.00000,2140.00000,2837.00000,2583.00000,2310.00000,1372.00000,2770.00000,386.00000,786.00000,798.00000,3140.00000,319.00000,668.00000,535.00000,962.00000,1853.00000,3238.00000,3142.00000,2654.00000,1136.00000,0.34296,0.20203,0.12221,0.28827,0.31853,236.30994,0.25705,0.32828,0.52749
LR2018,Ndalu,Lungai,0.802209000000000,34.893709999999999,0.779332000000000,34.903010000000002,"40273",scduma43,4.440000000000000,"32",6.680000000000000,6.467500000000000,3.285659000000000,2034.602000000000089,6.86247,1.85270,1.10700,1.08534,1.05136,0.46508,0.44544,1.05136,0.29862,0.27835,0.22969,-0.64220,-0.65319,-0.69403,0.78433,3.58978,3.76693,4.53659,0.48021,0.45512,0.56201,1439.00000,2474.00000,3508.00000,3502.00000,3189.00000,2861.00000,1337.00000,661.00000,763.00000,357.00000,1017.00000,1933.00000,3181.00000,3038.00000,2558.00000,1106.00000,3027.00000,280.00000,635.00000,496.00000,3632.00000,275.00000,656.00000,439.00000,885.00000,1778.00000,3783.00000,3590.00000,2930.00000,1032.00000,0.35638,0.09993,0.04234,0.30674,0.36584,251.56505,0.48967,0.53850,0.63302
LR2018,Ndalu,Lungai,0.781985000000000,34.896690000000000,0.779332000000000,34.903010000000002,"41997",scduma43,5.330000000000000,"39",5.020000000000000,4.742500000000000,5.851344000000000,1485.863000000000056,6.44330,2.81610,1.56533,1.08492,1.06806,0.21667,0.43791,1.06806,0.48318,0.26650,0.27753,-0.52635,-0.64517,-0.68565,0.76145,2.22254,3.63651,4.36227,0.18966,0.44806,0.49671,1821.00000,2518.00000,2528.00000,2230.00000,2414.00000,2076.00000,1262.00000,1036.00000,692.00000,361.00000,898.00000,1770.00000,2807.00000,2678.00000,2383.00000,957.00000,2972.00000,289.00000,641.00000,499.00000,3212.00000,246.00000,599.00000,435.00000,770.00000,1521.00000,3239.00000,2825.00000,2486.00000,913.00000,0.24589,0.10287,0.06406,0.30136,0.32413,350.53769,0.11130,0.53135,0.59797
LR2018,Ndalu,Lungai,0.790014000000000,34.898530000000001,0.779332000000000,34.903010000000002,"42004",scduma43,7.140000000000000,"52",5.620000000000000,5.347500000000000,5.095839000000000,1683.415999999999940,7.31286,2.36123,1.15321,1.12536,1.05493,0.39064,0.41876,1.05493,0.30390,0.29730,0.18527,-0.56948,-0.56724,-0.64369,0.73996,2.64551,2.62153,3.61312,0.39372,0.42565,0.52788,1457.00000,2450.00000,3003.00000,3044.00000,2812.00000,2504.00000,1397.00000,753.00000,835.00000,402.00000,1095.00000,1979.00000,3018.00000,2765.00000,2487.00000,1265.00000,3129.00000,364.00000,864.00000,672.00000,3446.00000,354.00000,747.00000,515.00000,923.00000,1800.00000,3527.00000,3334.00000,2771.00000,1108.00000,0.31358,0.09053,0.07550,0.32003,0.34843,101.30993,0.39176,0.44428,0.57350
LR2018,Ndalu,Lungai,0.783333000000000,34.895049999999998,0.779332000000000,34.903010000000002,"42007",scduma43,6.660000000000000,"49",6.680000000000000,6.267500000000000,6.581572000000000,2034.602000000000089,10.43081,5.88562,1.19384,1.12412,1.07588,0.35591,0.35841,1.07588,0.39024,0.34226,0.38934,-0.60979,-0.62884,-0.72827,0.78693,3.12539,3.38857,5.36018,0.34110,0.34694,0.45496,1666.00000,2439.00000,2732.00000,2665.00000,2492.00000,2208.00000,1245.00000,684.00000,646.00000,300.00000,977.00000,1808.00000,2685.00000,2492.00000,2222.00000,1013.00000,2304.00000,221.00000,525.00000,451.00000,2843.00000,149.00000,447.00000,339.00000,810.00000,1642.00000,3225.00000,3039.00000,2389.00000,891.00000,0.27514,0.12281,0.04385,0.23477,0.28631,25.55997,0.36857,0.47359,0.63052
LR2018,Ndalu,Lungai,0.777127000000000,34.900250000000000,0.779332000000000,34.903010000000002,"42016",scduma43,4.440000000000000,"32",5.800000000000000,5.730000000000000,1.221640000000000,1743.771999999999935,6.63932,2.31542,1.42084,1.14191,1.07287,0.25906,0.37928,1.07287,0.39286,0.32255,0.26515,-0.50099,-0.58002,-0.66732,0.74202,2.00795,2.76210,4.01185,0.24086,0.37510,0.50716,1966.00000,2829.00000,2813.00000,2647.00000,2557.00000,2372.00000,1514.00000,1131.00000,880.00000,493.00000,1148.00000,2121.00000,2977.00000,2759.00000,2491.00000,1232.00000,2720.00000,314.00000,723.00000,613.00000,3383.00000,291.00000,675.00000,501.00000,932.00000,1822.00000,3316.00000,3126.00000,2579.00000,1052.00000,0.28785,0.12364,0.07975,0.27882,0.34199,270.00000,0.16253,0.42441,0.57143
LR2018,Ndalu,Lungai,0.781375000000000,34.896389999999997,0.779332000000000,34.903010000000002,"42019",scduma43,5.330000000000000,"39",5.690000000000000,5.447500000000000,4.451583000000000,1708.106999999999971,11.75588,1.76378,1.15318,1.11234,1.07038,0.40511,0.41236,1.07038,0.31574,0.27691,0.26064,-0.58129,-0.56563,-0.65852,0.74605,2.77660,2.60437,3.85693,0.40862,0.42002,0.49668,1646.00000,2639.00000,3351.00000,3195.00000,3047.00000,2775.00000,1611.00000,773.00000,846.00000,402.00000,1147.00000,2006.00000,2863.00000,2865.00000,2443.00000,1308.00000,2970.00000,346.00000,824.00000,611.00000,3259.00000,278.00000,671.00000,474.00000,895.00000,1714.00000,3223.00000,3070.00000,2677.00000,1039.00000,0.32872,0.07468,0.05692,0.30322,0.32933,336.80142,0.39879,0.46144,0.57726
LR2018,Ndalu,Lungai,0.782958000000000,34.884830000000001,0.779332000000000,34.903010000000002,"42022",scduma43,4.440000000000000,"32",6.550000000000000,6.477500000000000,1.119259000000000,1990.707000000000107,6.51589,5.22750,1.14092,1.09637,1.06277,0.42940,0.44122,1.06277,0.33829,0.29327,0.23787,-0.63596,-0.65767,-0.66332,0.75377,3.49388,3.84227,3.94032,0.43185,0.44916,0.55406,1970.00000,2776.00000,2866.00000,3303.00000,2846.00000,2444.00000,1369.00000,720.00000,735.00000,356.00000,1324.00000,2211.00000,3009.00000,2683.00000,2358.00000,1183.00000,3070.00000,294.00000,634.00000,538.00000,3725.00000,322.00000,754.00000,523.00000,1037.00000,1985.00000,3615.00000,3397.00000,2886.00000,1198.00000,0.33806,0.13506,0.05691,0.31168,0.37615,315.00000,0.43518,0.51532,0.58924
LR2018,Ndalu,Lungai,0.782104000000000,34.898049999999998,0.779332000000000,34.903010000000002,"42023",scduma43,7.140000000000000,"52",3.320000000000000,3.280000000000000,1.219512000000000,926.149300000000039,5.65228,6.19209,1.32920,1.10845,1.07344,0.29423,0.43624,1.07344,0.40450,0.27097,0.23523,-0.54458,-0.57461,-0.62654,0.72167,2.39158,2.70159,3.35535,0.27493,0.45080,0.49287,1909.00000,2886.00000,3067.00000,2659.00000,2912.00000,2643.00000,1581.00000,967.00000,784.00000,410.00000,1365.00000,2399.00000,3101.00000,2881.00000,2670.00000,1430.00000,3250.00000,378.00000,878.00000,659.00000,3297.00000,330.00000,757.00000,533.00000,1146.00000,2001.00000,3474.00000,3226.00000,2766.00000,1234.00000,0.28294,0.08303,0.06543,0.33161,0.33398,63.43495,0.22686,0.46704,0.54571
LR2018,Ndalu,Lungai,0.776823000000000,34.898870000000002,0.779332000000000,34.903010000000002,"42029",scduma43,7.140000000000000,"52",6.450000000000000,6.000000000000000,7.500000000000000,1957.785000000000082,6.96629,1.67011,1.16258,1.12637,1.07171,0.40432,0.41111,1.07171,0.32201,0.30364,0.27047,-0.59152,-0.60703,-0.67904,0.74803,2.89618,3.08943,4.23122,0.40733,0.41498,0.52708,1723.00000,2648.00000,3224.00000,3265.00000,2994.00000,2683.00000,1425.00000,817.00000,838.00000,419.00000,1244.00000,2128.00000,3011.00000,2706.00000,2397.00000,1344.00000,3018.00000,344.00000,738.00000,644.00000,3552.00000,294.00000,679.00000,512.00000,1036.00000,1887.00000,3490.00000,3262.00000,2722.00000,1130.00000,0.33657,0.14484,0.08552,0.30859,0.35887,33.69007,0.38548,0.44602,0.57947
LR2018,Ndalu,Lungai,0.780950000000000,34.900089999999999,0.779332000000000,34.903010000000002,"42031",scduma43,7.140000000000000,"52",3.880000000000000,3.645000000000000,6.447188000000000,1112.729000000000042,5.73518,5.70288,1.35036,1.09364,1.09918,0.28191,0.46689,1.09918,0.36279,0.26580,0.23780,-0.50889,-0.61616,-0.59004,0.65953,2.07238,3.21046,2.87850,0.26858,0.48786,0.42048,2003.00000,3005.00000,3378.00000,2759.00000,3072.00000,2649.00000,1559.00000,1095.00000,898.00000,512.00000,1327.00000,2503.00000,3921.00000,3470.00000,3121.00000,1428.00000,3461.00000,366.00000,822.00000,631.00000,2905.00000,367.00000,749.00000,596.00000,948.00000,1762.00000,3018.00000,2961.00000,2565.00000,1186.00000,0.29684,0.09621,0.12500,0.35181,0.29655,21.37062,0.19795,0.50403,0.46595
LR2018,Ndalu,Lungai,0.788010000000000,34.904190000000000,0.779332000000000,34.903010000000002,"42037",scduma43,4.440000000000000,"32",6.030000000000000,6.392500000000000,-5.670710000000000,1820.587999999999965,6.73855,4.18822,1.35229,1.21085,1.05096,0.28701,0.34029,1.05096,0.43178,0.31804,0.19670,-0.52802,-0.54412,-0.69154,0.76333,2.23750,2.38710,4.48393,0.26409,0.33641,0.51351,1650.00000,2459.00000,2639.00000,2590.00000,2417.00000,2123.00000,1252.00000,955.00000,800.00000,379.00000,1106.00000,1980.00000,2832.00000,2642.00000,2264.00000,1222.00000,2835.00000,446.00000,837.00000,862.00000,3241.00000,292.00000,591.00000,435.00000,852.00000,1683.00000,3240.00000,3039.00000,2434.00000,921.00000,0.27605,0.21958,0.10319,0.29632,0.32701,173.65981,0.21705,0.31109,0.60481
LR2018,Ndalu,Lungai,0.778967000000000,34.907359999999997,0.779332000000000,34.903010000000002,"42039",scduma43,6.660000000000000,"49",5.300000000000000,4.587500000000000,15.531340000000000,1579.140000000000100,6.44330,2.81610,1.21176,1.11732,1.07078,0.37729,0.43187,1.07078,0.33423,0.31356,0.24284,-0.54978,-0.59018,-0.64510,0.73408,2.44227,2.88025,3.63533,0.37664,0.43702,0.49309,1954.00000,3002.00000,3404.00000,3339.00000,3208.00000,2825.00000,1597.00000,992.00000,970.00000,495.00000,1140.00000,2074.00000,3169.00000,2821.00000,2644.00000,1201.00000,3143.00000,324.00000,810.00000,620.00000,3254.00000,304.00000,702.00000,499.00000,959.00000,1831.00000,3402.00000,3222.00000,2707.00000,1103.00000,0.34832,0.07640,0.06711,0.32036,0.32920,80.53768,0.31798,0.47313,0.56190
LR2018,Ndalu,Lungai,0.770523000000000,34.898400000000002,0.779332000000000,34.903010000000002,"42043",scduma43,5.330000000000000,"39",3.450000000000000,3.465000000000000,-0.432900000000000,970.044499999999971,9.58238,2.19672,1.29588,1.17650,1.10429,0.29698,0.32830,1.10429,0.31758,0.33478,0.29066,-0.51057,-0.56953,-0.62696,0.68348,2.08639,2.64606,3.36133,0.29210,0.31732,0.46028,2391.00000,3292.00000,3012.00000,2858.00000,2720.00000,2412.00000,1595.00000,1087.00000,926.00000,563.00000,1221.00000,2087.00000,2344.00000,2099.00000,1801.00000,1078.00000,2359.00000,306.00000,647.00000,614.00000,3271.00000,338.00000,750.00000,615.00000,1095.00000,2015.00000,3248.00000,2969.00000,2573.00000,1253.00000,0.30577,0.17422,0.11920,0.24376,0.33283,18.43495,0.22288,0.36912,0.49163
LR2018,Ndalu,Lungai,0.778144000000000,34.886450000000004,0.779332000000000,34.903010000000002,"43540",scduma43,7.140000000000000,"52",4.200000000000000,4.077500000000000,3.004292000000000,1216.980000000000018,7.74845,3.81512,1.16961,1.12648,1.06662,0.39512,0.37048,1.06662,0.32474,0.35965,0.24700,-0.57576,-0.64169,-0.68126,0.74832,2.71429,3.58175,4.27480,0.39633,0.35866,0.49835,1552.00000,2513.00000,3231.00000,3198.00000,3015.00000,2722.00000,1472.00000,822.00000,861.00000,419.00000,1119.00000,2024.00000,2931.00000,2743.00000,2471.00000,1188.00000,2410.00000,219.00000,526.00000,465.00000,3244.00000,282.00000,615.00000,467.00000,977.00000,1836.00000,3523.00000,3264.00000,2720.00000,1060.00000,0.33020,0.13058,0.09824,0.24544,0.32774,14.03624,0.37502,0.47738,0.58117
LR2018,Ndalu,Lungai,0.771188000000000,34.900530000000003,0.779332000000000,34.903010000000002,"43543",scduma43,7.140000000000000,"52",7.080000000000000,6.827500000000000,3.698279000000000,2166.311999999999898,7.04479,4.62331,1.09861,1.07734,1.07977,0.47767,0.45747,1.07977,0.37687,0.31132,0.32581,-0.72074,-0.70797,-0.70344,0.75495,5.16171,4.84872,4.74403,0.47989,0.46254,0.50300,1444.00000,2313.00000,3073.00000,3315.00000,2834.00000,2372.00000,1110.00000,506.00000,538.00000,229.00000,909.00000,1657.00000,2672.00000,2574.00000,2116.00000,834.00000,2977.00000,219.00000,509.00000,417.00000,3366.00000,239.00000,586.00000,470.00000,875.00000,1684.00000,3136.00000,2967.00000,2392.00000,870.00000,0.33534,0.11092,0.09498,0.30061,0.33987,0.00000,0.55575,0.58610,0.58636
LR2018,Ndalu,Lungai,0.782744000000000,34.908670000000001,0.779332000000000,34.903010000000002,"43544",scduma43,4.440000000000000,"32",5.150000000000000,5.355000000000000,-3.828200000000000,1529.758000000000038,7.81920,4.26386,1.44755,1.18290,1.13028,0.24053,0.34772,1.13028,0.44089,0.32962,0.31343,-0.52882,-0.56110,-0.62928,0.64685,2.24470,2.55689,3.39491,0.21667,0.34063,0.43721,1751.00000,2536.00000,2551.00000,2294.00000,2514.00000,2161.00000,1356.00000,969.00000,707.00000,376.00000,1176.00000,2022.00000,2895.00000,2547.00000,2250.00000,1253.00000,2657.00000,361.00000,747.00000,716.00000,3283.00000,368.00000,747.00000,704.00000,1129.00000,1938.00000,3374.00000,3194.00000,2671.00000,1244.00000,0.24903,0.18092,0.17867,0.27518,0.33576,54.46232,0.15885,0.35640,0.44337
LR2018,Ndalu,Lungai,0.785885000000000,34.903050000000000,0.779332000000000,34.903010000000002,"58133",scduma43,5.330000000000000,"39",6.270000000000000,5.555000000000000,12.871290000000000,1897.430000000000064,5.85294,5.07287,1.37588,1.13659,1.07879,0.27515,0.39087,1.07879,0.43279,0.31070,0.25971,-0.54396,-0.57959,-0.65983,0.72349,2.38554,2.75726,3.87934,0.25196,0.39043,0.48288,1769.00000,2556.00000,2713.00000,2529.00000,2674.00000,2348.00000,1256.00000,970.00000,747.00000,384.00000,1045.00000,1888.00000,2824.00000,2523.00000,2238.00000,1125.00000,2848.00000,335.00000,758.00000,637.00000,3235.00000,305.00000,663.00000,519.00000,869.00000,1689.00000,3311.00000,3134.00000,2456.00000,939.00000,0.27086,0.12370,0.10827,0.29184,0.32764,149.93141,0.20049,0.42832,0.54653
LR2018,Ndalu,Lungai,0.786043000000000,34.913919999999997,0.779332000000000,34.903010000000002,"58137",scduma43,5.330000000000000,"39",4.920000000000000,4.475000000000000,9.944134000000000,1452.941000000000031,,,1.12054,1.07018,1.06141,0.44559,0.48094,1.06141,0.28363,0.27147,0.25916,-0.60542,-0.65076,-0.68070,0.77018,3.06868,3.72674,4.26362,0.46217,0.49756,0.54331,1713.00000,2770.00000,3359.00000,3495.00000,3165.00000,2856.00000,1603.00000,749.00000,859.00000,418.00000,1194.00000,2168.00000,3137.00000,2884.00000,2662.00000,1423.00000,3252.00000,263.00000,688.00000,459.00000,3574.00000,273.00000,679.00000,464.00000,964.00000,1897.00000,3435.00000,3228.00000,2804.00000,1177.00000,0.35744,0.02411,0.04096,0.32842,0.36040,,0.44631,0.58583,0.61131
LR2018,Ndalu,Lungai,0.783928000000000,34.899960000000000,0.779332000000000,34.903010000000002,"58188",scduma43,4.440000000000000,"32",4.850000000000000,4.595000000000000,5.549510000000000,1430.993999999999915,5.58726,6.23461,1.30262,1.23779,1.06714,0.30918,0.32310,1.06714,0.39970,0.32986,0.22449,-0.56975,-0.52856,-0.63611,0.73194,2.64847,2.24235,3.49613,0.29110,0.31600,0.52051,1750.00000,2620.00000,3031.00000,2740.00000,2875.00000,2501.00000,1413.00000,949.00000,751.00000,407.00000,1371.00000,2288.00000,3004.00000,2825.00000,2383.00000,1330.00000,2756.00000,450.00000,850.00000,893.00000,3489.00000,342.00000,776.00000,540.00000,1135.00000,2118.00000,3596.00000,3409.00000,2877.00000,1250.00000,0.28997,0.22481,0.06393,0.28971,0.35305,38.99099,0.24757,0.28446,0.56017
LR2018,Ndalu,Lungai,0.782838000000000,34.909080000000003,0.779332000000000,34.903010000000002,"58201",scduma43,6.660000000000000,"49",6.180000000000000,5.775000000000000,7.012987000000000,1869.994999999999891,8.86932,1.99208,1.17227,1.08712,1.05881,0.41424,0.46463,1.05881,0.34752,0.28000,0.25032,-0.60404,-0.65246,-0.68827,0.77296,3.05101,3.75472,4.41583,0.41451,0.47947,0.56631,1629.00000,2443.00000,3224.00000,3415.00000,3000.00000,2688.00000,1441.00000,855.00000,843.00000,414.00000,1235.00000,2128.00000,3263.00000,3011.00000,2611.00000,1392.00000,3276.00000,306.00000,689.00000,544.00000,3764.00000,289.00000,695.00000,482.00000,1110.00000,1948.00000,3680.00000,3523.00000,2882.00000,1197.00000,0.35204,0.10461,0.05184,0.33209,0.37947,35.53768,0.38256,0.53405,0.61571
LR2018,Ndalu,Lungai,0.780542000000000,34.903300000000002,0.779332000000000,34.903010000000002,"58248",scduma43,5.330000000000000,"39",6.930000000000000,6.297500000000000,10.043670000000001,2116.905999999999949,8.34799,4.18822,1.13182,1.08416,1.09231,0.45041,0.46145,1.09231,0.35857,0.25587,0.25904,-0.60612,-0.61327,-0.59497,0.69029,3.07766,3.17154,2.93786,0.45245,0.48049,0.48469,1809.00000,2797.00000,3229.00000,3413.00000,2885.00000,2652.00000,1567.00000,682.00000,837.00000,322.00000,1245.00000,2154.00000,3019.00000,2774.00000,2564.00000,1357.00000,3283.00000,333.00000,787.00000,562.00000,3422.00000,369.00000,869.00000,627.00000,1037.00000,1911.00000,3443.00000,3226.00000,2728.00000,1306.00000,0.34805,0.06421,0.06810,0.33308,0.34790,6.34019,0.46499,0.52574,0.50287
LR2018,Ndalu,Lungai,0.780525000000000,34.908720000000002,0.779332000000000,34.903010000000002,"58276",scduma43,6.660000000000000,"49",6.030000000000000,6.122500000000000,-1.510820000000000,1820.587999999999965,7.65484,4.18822,1.20685,1.13339,1.06037,0.35816,0.41143,1.06037,0.36264,0.33193,0.24031,-0.59911,-0.62193,-0.67380,0.76244,2.98892,3.29000,4.13112,0.34826,0.41066,0.54106,1755.00000,2596.00000,2792.00000,2880.00000,2684.00000,2299.00000,1353.00000,806.00000,722.00000,377.00000,1170.00000,2078.00000,2998.00000,2785.00000,2548.00000,1283.00000,3003.00000,318.00000,700.00000,634.00000,3561.00000,294.00000,694.00000,480.00000,944.00000,1842.00000,3536.00000,3409.00000,2862.00000,1131.00000,0.29907,0.15254,0.05450,0.30692,0.35932,83.65981,0.33785,0.44737,0.60125
LR2018,Ndalu,Lungai,0.773926000000000,34.899670000000000,0.779332000000000,34.903010000000002,"58318",scduma43,4.440000000000000,"32",4.520000000000000,4.107500000000000,10.042600000000000,1321.256000000000085,7.65943,1.46488,1.44067,1.22117,1.08814,0.27264,0.33922,1.08814,0.45385,0.31396,0.26591,-0.54061,-0.53283,-0.64760,0.70443,2.35358,2.28108,3.67540,0.24673,0.33693,0.46970,1688.00000,2550.00000,3058.00000,2760.00000,2911.00000,2513.00000,1383.00000,1142.00000,823.00000,429.00000,1244.00000,2127.00000,3061.00000,2639.00000,2431.00000,1314.00000,2930.00000,484.00000,893.00000,927.00000,3212.00000,323.00000,687.00000,557.00000,1039.00000,1886.00000,3149.00000,3054.00000,2465.00000,1158.00000,0.29869,0.22483,0.12317,0.30731,0.32599,71.56505,0.16536,0.29613,0.52076
LR2018,Ndalu,Lungai,0.779596000000000,34.895049999999998,0.779332000000000,34.903010000000002,"58328",scduma43,5.330000000000000,"39",4.780000000000000,4.347500000000000,9.948245999999999,1409.046000000000049,8.46415,3.73026,1.35580,1.12176,1.05584,0.29000,0.42549,1.05584,0.40172,0.29873,0.21364,-0.52636,-0.58678,-0.65227,0.75919,2.22261,2.84000,3.75152,0.27116,0.43306,0.58012,1908.00000,2863.00000,2996.00000,2765.00000,2808.00000,2516.00000,1679.00000,1059.00000,858.00000,452.00000,1161.00000,2058.00000,3082.00000,2878.00000,2568.00000,1417.00000,3168.00000,358.00000,825.00000,663.00000,3901.00000,346.00000,821.00000,534.00000,941.00000,1838.00000,3689.00000,3618.00000,3068.00000,1196.00000,0.29609,0.10618,0.03469,0.32366,0.39374,29.74488,0.20600,0.45342,0.59812
LR2018,Ndalu,Lungai,0.777256000000000,34.897520000000000,0.779332000000000,34.903010000000002,"58366",scduma43,4.440000000000000,"32",4.180000000000000,4.057500000000000,3.019100000000000,1211.492999999999938,5.76040,5.56178,1.40326,1.19633,1.09200,0.29481,0.36090,1.09200,0.41685,0.32401,0.28188,-0.52533,-0.55608,-0.63515,0.70502,2.21347,2.50530,3.48173,0.27423,0.35817,0.47743,2254.00000,3080.00000,3109.00000,3101.00000,2921.00000,2638.00000,1734.00000,1261.00000,965.00000,519.00000,1529.00000,2453.00000,2913.00000,2667.00000,2439.00000,1505.00000,2976.00000,435.00000,849.00000,852.00000,3312.00000,321.00000,739.00000,573.00000,1311.00000,2103.00000,3321.00000,2989.00000,2596.00000,1220.00000,0.33476,0.20506,0.09492,0.30956,0.33612,131.63354,0.17877,0.33372,0.52040
LR2018,Ndalu,Lungai,0.776575000000000,34.891060000000003,0.779332000000000,34.903010000000002,"58372",scduma43,5.330000000000000,"39",5.370000000000000,5.330000000000000,0.750469000000000,1601.112000000000080,7.79062,0.73256,1.59692,1.18095,1.06696,0.21518,0.38152,1.06696,0.45264,0.38357,0.25255,-0.49845,-0.59846,-0.65610,0.75070,1.98762,2.98085,3.81564,0.19072,0.37027,0.52073,1720.00000,2525.00000,2780.00000,2414.00000,2501.00000,2275.00000,1429.00000,1181.00000,808.00000,445.00000,981.00000,1874.00000,3319.00000,2966.00000,2588.00000,1210.00000,2910.00000,319.00000,731.00000,716.00000,3448.00000,293.00000,716.00000,491.00000,917.00000,1780.00000,3536.00000,3360.00000,2857.00000,1137.00000,0.26874,0.17214,0.04533,0.29968,0.34828,71.56505,0.09519,0.38554,0.58416
LR2018,Ndalu,Lungai,0.786889000000000,34.900129999999997,0.779332000000000,34.903010000000002,"58401",scduma43,5.330000000000000,"39",5.070000000000000,4.865000000000000,4.213772000000000,1502.323000000000093,11.38035,1.63770,1.14564,1.11153,1.05195,0.39814,0.39421,1.05195,0.31584,0.31818,0.17604,-0.59450,-0.62713,-0.65800,0.74237,2.93220,3.36379,3.84799,0.39923,0.39020,0.50913,1441.00000,2354.00000,3000.00000,3016.00000,2879.00000,2550.00000,1365.00000,702.00000,767.00000,365.00000,1021.00000,1813.00000,2590.00000,2481.00000,2157.00000,1108.00000,2627.00000,255.00000,602.00000,493.00000,3253.00000,337.00000,671.00000,481.00000,1093.00000,1931.00000,3252.00000,3015.00000,2498.00000,1173.00000,0.30966,0.10815,0.09872,0.26729,0.32884,135.00000,0.41317,0.49018,0.57733
LR2018,Ndalu,Lungai,0.793644000000000,34.896999999999998,0.779332000000000,34.903010000000002,"58421",scduma43,7.140000000000000,"52",5.250000000000000,4.765000000000000,10.178380000000001,1562.679000000000087,6.50814,2.63956,1.11813,1.06795,1.08857,0.42337,0.40729,1.08857,0.24187,0.13128,0.25523,-0.58614,-0.60521,-0.66791,0.69659,2.83257,3.06596,4.02246,0.44585,0.44981,0.48215,1608.00000,2569.00000,3517.00000,3365.00000,3205.00000,2808.00000,1488.00000,783.00000,878.00000,478.00000,1154.00000,2001.00000,2980.00000,2856.00000,2359.00000,1164.00000,3082.00000,536.00000,758.00000,698.00000,3355.00000,356.00000,668.00000,600.00000,1025.00000,1828.00000,3239.00000,3102.00000,2625.00000,1035.00000,0.34549,0.23896,0.17734,0.31601,0.34082,254.74489,0.42097,0.44316,0.51130
LR2018,Ndalu,Lungai,0.789912000000000,34.903480000000002,0.779332000000000,34.903010000000002,"58423",scduma43,6.660000000000000,"49",4.570000000000000,4.050000000000000,12.839510000000001,1337.715999999999894,6.37401,3.01779,1.16688,1.13844,1.07980,0.38586,0.33813,1.07980,0.29565,0.28605,0.24281,-0.55971,-0.58288,-0.63324,0.70999,2.54251,2.79479,3.45315,0.39179,0.33288,0.47361,1553.00000,2519.00000,3087.00000,3167.00000,2864.00000,2532.00000,1498.00000,848.00000,894.00000,461.00000,961.00000,1821.00000,2756.00000,2502.00000,2198.00000,1197.00000,2330.00000,307.00000,614.00000,553.00000,3184.00000,329.00000,715.00000,540.00000,882.00000,1729.00000,3341.00000,3137.00000,2628.00000,1096.00000,0.32786,0.16689,0.09722,0.23947,0.32295,175.60129,0.36289,0.40903,0.52972
LR2018,Ndalu,Lungai,0.789662000000000,34.905340000000002,0.779332000000000,34.903010000000002,"58424",scduma43,4.440000000000000,"32",4.520000000000000,4.552500000000000,-0.713890000000000,1321.256000000000085,10.95681,1.38974,1.30868,1.09282,1.07406,0.31513,0.44689,1.07406,0.40000,0.28830,0.26439,-0.56749,-0.64628,-0.67025,0.73845,2.62421,3.65419,4.06516,0.29747,0.45654,0.52537,1813.00000,2712.00000,3067.00000,2874.00000,2808.00000,2493.00000,1516.00000,1008.00000,793.00000,432.00000,1239.00000,2121.00000,3149.00000,2920.00000,2609.00000,1226.00000,3109.00000,295.00000,668.00000,534.00000,3576.00000,313.00000,706.00000,538.00000,1206.00000,2045.00000,3468.00000,3277.00000,2786.00000,1253.00000,0.30456,0.10755,0.09313,0.31545,0.36162,180.00000,0.24239,0.52236,0.56657
LR2018,Ndalu,Lungai,0.795118000000000,34.904150000000001,0.779332000000000,34.903010000000002,"58444",scduma43,7.140000000000000,"52",9.449999999999999,8.815000000000000,7.203630000000000,2945.501999999999953,6.40432,2.92785,1.42437,1.21311,1.07991,0.27254,0.33578,1.07991,0.44466,0.36101,0.25610,-0.51301,-0.54993,-0.64857,0.71843,2.10690,2.44372,3.69104,0.24782,0.32362,0.47112,1963.00000,2880.00000,2810.00000,2703.00000,2648.00000,2476.00000,1638.00000,1103.00000,870.00000,424.00000,1280.00000,2132.00000,2832.00000,2572.00000,2316.00000,1306.00000,2631.00000,354.00000,764.00000,754.00000,3143.00000,305.00000,670.00000,515.00000,929.00000,1778.00000,3284.00000,3081.00000,2548.00000,1057.00000,0.29194,0.18376,0.10067,0.27369,0.31849,341.56506,0.17270,0.32873,0.53997
LR2018,Ndalu,Lungai,0.793442000000000,34.903320000000001,0.779332000000000,34.903010000000002,"58472",scduma43,5.330000000000000,"39",4.950000000000000,4.437500000000000,11.549300000000001,1463.914999999999964,8.17617,1.99208,1.12214,1.05799,1.03853,0.44347,0.47704,1.03853,0.34707,0.26863,0.18944,-0.65865,-0.72181,-0.73376,0.80519,3.85907,5.18941,5.51193,0.44529,0.48947,0.56985,1358.00000,2376.00000,3192.00000,3241.00000,2982.00000,2626.00000,1314.00000,621.00000,667.00000,301.00000,932.00000,1830.00000,3047.00000,2735.00000,2416.00000,1021.00000,3039.00000,211.00000,491.00000,366.00000,3549.00000,261.00000,545.00000,383.00000,846.00000,1749.00000,3723.00000,3533.00000,2853.00000,1043.00000,0.33000,0.08052,0.08326,0.30610,0.35696,125.53768,0.48077,0.63235,0.66521
LR2018,Ndalu,Lungai,0.804071000000000,34.893619999999999,0.779332000000000,34.903010000000002,"58552",scduma43,6.660000000000000,"49",6.030000000000000,5.762500000000000,4.642082000000000,1820.587999999999965,7.79062,0.73256,1.17343,1.14439,1.07616,0.39279,0.35940,1.07616,0.35512,0.30786,0.24180,-0.60468,-0.58362,-0.64855,0.71884,3.05921,2.80328,3.69069,0.38764,0.35461,0.47166,1686.00000,2601.00000,3060.00000,3085.00000,2914.00000,2745.00000,1479.00000,767.00000,760.00000,365.00000,1174.00000,2055.00000,2608.00000,2389.00000,2149.00000,1169.00000,2552.00000,317.00000,671.00000,599.00000,3124.00000,312.00000,666.00000,511.00000,1022.00000,1896.00000,3186.00000,3087.00000,2481.00000,1127.00000,0.31789,0.15438,0.10544,0.26214,0.31655,251.56505,0.38443,0.41087,0.54150
LR2018,Ndalu,Lungai,0.779355000000000,34.908920000000002,0.779332000000000,34.903010000000002,"58572",scduma43,6.660000000000000,"49",11.020000000000000,9.647500000000001,14.226480000000000,3461.320000000000164,8.18987,0.98279,1.25846,1.17634,1.06509,0.31799,0.33696,1.06509,0.37702,0.34486,0.23463,-0.55614,-0.58475,-0.66543,0.74488,2.50594,2.81633,3.97781,0.30308,0.32558,0.51196,1904.00000,2831.00000,2837.00000,2654.00000,2618.00000,2450.00000,1366.00000,851.00000,757.00000,385.00000,1184.00000,2014.00000,2315.00000,2066.00000,1852.00000,1091.00000,2431.00000,303.00000,637.00000,622.00000,3365.00000,305.00000,676.00000,492.00000,981.00000,1855.00000,3484.00000,3290.00000,2708.00000,1097.00000,0.27871,0.18438,0.08215,0.25093,0.34008,45.00000,0.28201,0.37456,0.57714
LR2018,Ndalu,Lungai,0.782286000000000,34.902189999999997,0.779332000000000,34.903010000000002,"58582",scduma43,6.660000000000000,"49",4.320000000000000,3.962500000000000,9.022081999999999,1255.387999999999920,7.83320,4.90243,1.53722,1.08395,1.07120,0.22714,0.46012,1.07120,0.43695,0.26340,0.24720,-0.50598,-0.60417,-0.63948,0.73572,2.04845,3.05263,3.54759,0.20388,0.47676,0.49781,1977.00000,2785.00000,2686.00000,2454.00000,2533.00000,2258.00000,1386.00000,1151.00000,805.00000,451.00000,1078.00000,2025.00000,3125.00000,2882.00000,2560.00000,1256.00000,3234.00000,316.00000,798.00000,542.00000,3297.00000,303.00000,725.00000,502.00000,1025.00000,1940.00000,3434.00000,3234.00000,2706.00000,1187.00000,0.27105,0.03623,0.05229,0.32791,0.33350,8.13010,0.11581,0.53215,0.56386
LR2018,Ndalu,Lungai,0.782286000000000,34.902189999999997,0.779332000000000,34.903010000000002,"58582",scduma43,7.140000000000000,"52",5.200000000000000,3.962500000000000,31.230280000000000,1546.218000000000075,7.83320,4.90243,1.53722,1.08395,1.07120,0.22714,0.46012,1.07120,0.43695,0.26340,0.24720,-0.50598,-0.60417,-0.63948,0.73572,2.04845,3.05263,3.54759,0.20388,0.47676,0.49781,1977.00000,2785.00000,2686.00000,2454.00000,2533.00000,2258.00000,1386.00000,1151.00000,805.00000,451.00000,1078.00000,2025.00000,3125.00000,2882.00000,2560.00000,1256.00000,3234.00000,316.00000,798.00000,542.00000,3297.00000,303.00000,725.00000,502.00000,1025.00000,1940.00000,3434.00000,3234.00000,2706.00000,1187.00000,0.27105,0.03623,0.05229,0.32791,0.33350,8.13010,0.11581,0.53215,0.56386
LR2018,Ndalu,Lungai,0.781454000000000,34.909059999999997,0.779332000000000,34.903010000000002,"60338",scduma43,4.440000000000000,"32",4.700000000000000,4.832500000000000,-2.741850000000000,1381.611000000000104,6.96629,1.67011,1.62709,1.15208,1.06797,0.19724,0.35591,1.06797,0.46814,0.33182,0.23218,-0.50299,-0.59669,-0.63581,0.73492,2.02405,2.95893,3.49168,0.17256,0.34740,0.52254,2114.00000,2726.00000,2267.00000,2138.00000,2042.00000,1861.00000,1292.00000,1060.00000,707.00000,384.00000,1217.00000,2098.00000,3085.00000,2878.00000,2662.00000,1220.00000,2506.00000,294.00000,633.00000,586.00000,3508.00000,334.00000,781.00000,536.00000,1109.00000,1971.00000,3536.00000,3331.00000,2863.00000,1271.00000,0.23863,0.16325,0.05391,0.25736,0.35487,56.30993,0.08660,0.40987,0.56370
LR2018,Ndalu,Lungai,0.781673000000000,34.902059999999999,0.779332000000000,34.903010000000002,"64011",scduma43,7.140000000000000,"52",6.480000000000000,6.122500000000000,5.839118000000000,1968.759000000000015,6.13901,3.81512,1.17708,1.16402,1.08125,0.38814,0.37788,1.08125,0.34228,0.30723,0.29319,-0.57523,-0.55323,-0.66164,0.73618,2.70848,2.47658,3.91088,0.38492,0.37884,0.48573,1831.00000,2875.00000,3222.00000,3104.00000,2951.00000,2699.00000,1575.00000,800.00000,837.00000,392.00000,1343.00000,2262.00000,3066.00000,2865.00000,2614.00000,1415.00000,2969.00000,407.00000,854.00000,768.00000,3251.00000,270.00000,662.00000,494.00000,959.00000,1847.00000,3343.00000,3158.00000,2587.00000,1060.00000,0.32054,0.15821,0.07153,0.30667,0.32883,345.96375,0.37206,0.37459,0.56177
LR2018,Ndalu,Lungai,0.787974000000000,34.903910000000003,0.779332000000000,34.903010000000002,"65997",scduma43,7.140000000000000,"52",6.520000000000000,6.027500000000000,8.170883000000000,1979.732999999999947,9.15826,4.09817,1.35123,1.24929,1.07283,0.27522,0.27421,1.07283,0.40613,0.37222,0.24603,-0.54218,-0.55977,-0.65255,0.73055,2.36856,2.54310,3.75629,0.25514,0.25662,0.46560,1717.00000,2613.00000,2828.00000,2486.00000,2650.00000,2313.00000,1371.00000,940.00000,738.00000,397.00000,1026.00000,1840.00000,2509.00000,2324.00000,2063.00000,979.00000,2055.00000,296.00000,580.00000,647.00000,3025.00000,285.00000,636.00000,471.00000,876.00000,1762.00000,3221.00000,3109.00000,2537.00000,934.00000,0.26578,0.23835,0.08621,0.21544,0.30614,163.61046,0.21058,0.28999,0.55691
LR2018,Ndalu,Lungai,0.787653000000000,34.896239999999999,0.779332000000000,34.903010000000002,"66038",scduma43,7.140000000000000,"52",5.030000000000000,5.145000000000000,-2.235180000000000,1491.348999999999933,6.91169,1.76378,1.16299,1.14513,1.07605,0.40267,0.40213,1.07605,0.33735,0.26833,0.24361,-0.58703,-0.55356,-0.64897,0.72034,2.84299,2.47987,3.69752,0.40200,0.41630,0.44053,1630.00000,2605.00000,3132.00000,3182.00000,2826.00000,2666.00000,1484.00000,777.00000,828.00000,385.00000,1359.00000,2336.00000,3169.00000,2924.00000,2651.00000,1496.00000,3285.00000,484.00000,944.00000,839.00000,2842.00000,281.00000,605.00000,462.00000,890.00000,1706.00000,2904.00000,2795.00000,2264.00000,1075.00000,0.32755,0.16718,0.10237,0.33904,0.28793,203.19859,0.39309,0.38388,0.54337
LR2018,Ndalu,Lungai,0.785772000000000,34.899709999999999,0.779332000000000,34.903010000000002,"66220",scduma43,6.660000000000000,"49",5.120000000000000,4.632500000000000,10.523479999999999,1518.784000000000106,6.18118,3.65802,1.19657,1.09276,1.04030,0.36621,0.42217,1.04030,0.33812,0.31657,0.17035,-0.58059,-0.64889,-0.71065,0.78318,2.76855,3.69625,4.91214,0.36149,0.42131,0.58018,1614.00000,2613.00000,3208.00000,2996.00000,2901.00000,2620.00000,1491.00000,839.00000,795.00000,415.00000,903.00000,1734.00000,3103.00000,2786.00000,2349.00000,1035.00000,2752.00000,231.00000,586.00000,445.00000,3701.00000,319.00000,626.00000,450.00000,876.00000,1777.00000,3965.00000,3872.00000,2954.00000,1065.00000,0.31113,0.07132,0.10251,0.27877,0.37283,145.30484,0.34054,0.54041,0.63415
LR2018,Ndalu,Lungai,0.785717000000000,34.899949999999997,0.779332000000000,34.903010000000002,"66221",scduma43,7.140000000000000,"52",5.700000000000000,5.335000000000000,6.841612000000000,1710.849999999999909,6.18118,4.68049,1.27073,1.14707,1.04585,0.33396,0.37542,1.04585,0.37431,0.37800,0.20108,-0.56420,-0.64047,-0.67993,0.78502,2.58922,3.56283,4.24858,0.32146,0.36296,0.57441,1689.00000,2600.00000,3389.00000,2997.00000,2938.00000,2611.00000,1542.00000,995.00000,835.00000,453.00000,1020.00000,1818.00000,2788.00000,2594.00000,2237.00000,1048.00000,2578.00000,246.00000,565.00000,545.00000,3695.00000,296.00000,704.00000,445.00000,905.00000,1814.00000,3540.00000,3440.00000,2861.00000,1080.00000,0.31579,0.16667,0.02561,0.26350,0.37217,147.09476,0.26838,0.44303,0.63532
LR2018,Ndalu,Lungai,0.772051000000000,34.893250000000002,0.779332000000000,34.903010000000002,"66336",scduma43,6.660000000000000,"49",6.280000000000000,6.170000000000000,1.782820000000000,1902.915999999999940,6.89659,5.35783,1.17360,1.22627,1.07084,0.39026,0.33971,1.07084,0.32954,0.32708,0.23954,-0.57974,-0.53616,-0.65591,0.73176,2.75895,2.31179,3.81250,0.38982,0.33501,0.48190,1595.00000,2562.00000,3253.00000,3150.00000,3048.00000,2775.00000,1547.00000,817.00000,838.00000,412.00000,1258.00000,2070.00000,2960.00000,2667.00000,2480.00000,1318.00000,2921.00000,466.00000,882.00000,919.00000,3157.00000,300.00000,656.00000,489.00000,988.00000,1759.00000,3048.00000,2995.00000,2525.00000,1063.00000,0.32542,0.22188,0.09204,0.30622,0.31946,82.56859,0.37105,0.29646,0.55896
LR2018,Ndalu,Lungai,0.780195000000000,34.896790000000003,0.779332000000000,34.903010000000002,"66337",scduma43,5.330000000000000,"39",4.300000000000000,4.007500000000000,7.298815000000000,1249.901000000000067,6.48558,2.69969,1.17860,1.16101,1.05667,0.39348,0.38568,1.05667,0.33866,0.34496,0.21008,-0.57644,-0.59265,-0.65874,0.75391,2.72190,2.90982,3.86062,0.39214,0.38032,0.54564,1546.00000,2555.00000,3491.00000,3212.00000,3276.00000,2983.00000,1476.00000,838.00000,863.00000,414.00000,1187.00000,2128.00000,3328.00000,3213.00000,2785.00000,1356.00000,2905.00000,338.00000,743.00000,694.00000,3592.00000,329.00000,739.00000,504.00000,1122.00000,2082.00000,3872.00000,3651.00000,3127.00000,1246.00000,0.33195,0.16282,0.05980,0.29867,0.36272,30.96376,0.36779,0.40056,0.59099
LR2018,Ndalu,Lungai,0.781438000000000,34.902059999999999,0.779332000000000,34.903010000000002,"66338",scduma43,5.330000000000000,"39",4.950000000000000,4.785000000000000,3.448276000000000,1463.914999999999964,6.69822,6.52422,1.17632,1.11175,1.08950,0.38934,0.40612,1.08950,0.32243,0.29941,0.27399,-0.56027,-0.59875,-0.62303,0.70613,2.54828,2.98442,3.30552,0.39059,0.40758,0.46784,1713.00000,2799.00000,3327.00000,3197.00000,3021.00000,2741.00000,1572.00000,849.00000,901.00000,435.00000,1247.00000,2203.00000,3066.00000,2802.00000,2541.00000,1367.00000,2813.00000,296.00000,706.00000,549.00000,3199.00000,314.00000,743.00000,551.00000,1008.00000,1867.00000,3442.00000,3208.00000,2736.00000,1155.00000,0.33078,0.08962,0.07587,0.28661,0.32461,351.86990,0.36285,0.47801,0.52243
LR2018,Ndalu,Lungai,0.768844000000000,34.898009999999999,0.779332000000000,34.903010000000002,"66351",scduma43,6.660000000000000,"49",5.480000000000000,4.727500000000000,15.917500000000000,1636.777000000000044,,0.73256,,,,,,,,,,,,,,,,,,,,,,,,,,,,,,,,,,,,,,,,,,,,,,,,,,,,,,,,,,
LR2018,Ndalu,Lungai,0.793460000000000,34.903509999999997,0.779332000000000,34.903010000000002,"66384",scduma43,7.140000000000000,"52",6.130000000000000,5.170000000000000,18.568670000000001,1853.509999999999991,8.17617,1.99208,1.17647,1.13819,1.05267,0.39097,0.40051,1.05267,0.36652,0.34586,0.20721,-0.62884,-0.63295,-0.67705,0.76521,3.38849,3.44892,4.19293,0.38365,0.39576,0.54473,1424.00000,2402.00000,3133.00000,3050.00000,2858.00000,2554.00000,1375.00000,755.00000,695.00000,350.00000,1004.00000,1890.00000,3018.00000,2794.00000,2359.00000,1161.00000,2874.00000,296.00000,646.00000,609.00000,3526.00000,308.00000,679.00000,469.00000,890.00000,1759.00000,3749.00000,3445.00000,2986.00000,1105.00000,0.31421,0.16699,0.06731,0.29378,0.35571,125.53768,0.38493,0.44485,0.60687
LR2018,Ndalu,Lungai,0.777036000000000,34.878830000000001,0.779332000000000,34.903010000000002,"66397",scduma43,6.660000000000000,"49",4.870000000000000,4.765000000000000,2.203568000000000,1436.480000000000018,7.44404,1.03594,1.35041,1.09419,1.07176,0.29191,0.41761,1.07176,0.39920,0.27138,0.26070,-0.54098,-0.63057,-0.67533,0.74238,2.35714,3.41369,4.16013,0.27347,0.42393,0.49785,2003.00000,2865.00000,2818.00000,2773.00000,2645.00000,2364.00000,1538.00000,1055.00000,826.00000,453.00000,997.00000,1899.00000,2984.00000,2757.00000,2417.00000,1188.00000,2838.00000,294.00000,643.00000,513.00000,3287.00000,285.00000,637.00000,486.00000,923.00000,1781.00000,3380.00000,3231.00000,2662.00000,1089.00000,0.29669,0.11310,0.09517,0.28840,0.33227,63.43495,0.20915,0.50649,0.57218
LR2018,Ndalu,Lungai,0.775179000000000,34.907420000000002,0.779332000000000,34.903010000000002,"66438",scduma43,6.660000000000000,"49",5.670000000000000,5.512500000000000,2.857143000000000,1699.875999999999976,6.56511,2.49357,1.25824,1.11621,1.07468,0.35222,0.39038,1.07468,0.34751,0.27059,0.23297,-0.52547,-0.57309,-0.64926,0.71672,2.21470,2.68484,3.70226,0.34717,0.39503,0.47248,1998.00000,3004.00000,3313.00000,3324.00000,3111.00000,2731.00000,1684.00000,1109.00000,1034.00000,537.00000,1143.00000,2118.00000,3179.00000,2695.00000,2452.00000,1320.00000,2771.00000,341.00000,752.00000,594.00000,3127.00000,321.00000,665.00000,516.00000,950.00000,1777.00000,3080.00000,2969.00000,2398.00000,1062.00000,0.35041,0.10848,0.11451,0.28340,0.31693,158.19859,0.27027,0.44744,0.53929
LR2018,Ndalu,Lungai,0.795806000000000,34.896270000000001,0.779332000000000,34.903010000000002,"66474",scduma43,6.660000000000000,"49",5.130000000000000,4.662500000000000,10.026809999999999,1524.270999999999958,8.36033,2.07120,1.22310,1.14306,1.07667,0.36810,0.37665,1.07667,0.34469,0.30382,0.23503,-0.52961,-0.54696,-0.61537,0.71281,2.25175,2.41460,3.19975,0.36417,0.37557,0.49107,1855.00000,2982.00000,3520.00000,3255.00000,3319.00000,3064.00000,1720.00000,987.00000,1001.00000,481.00000,1199.00000,2210.00000,3145.00000,2897.00000,2716.00000,1336.00000,2759.00000,346.00000,808.00000,648.00000,3322.00000,345.00000,791.00000,557.00000,1041.00000,2020.00000,3593.00000,3343.00000,2869.00000,1259.00000,0.34014,0.10322,0.06556,0.28341,0.33684,135.00000,0.30858,0.41104,0.53399
LR2018,Ndalu,Lungai,0.789952000000000,34.902709999999999,0.779332000000000,34.903010000000002,"66762",scduma43,7.140000000000000,"52",3.500000000000000,3.370000000000000,3.857567000000000,986.505199999999945,6.50814,3.65802,1.26841,1.07878,1.05246,0.33519,0.47703,1.05246,0.36516,0.22786,0.18536,-0.56396,-0.63375,-0.64664,0.74881,2.58678,3.46076,3.66000,0.32445,0.50765,0.53756,1595.00000,2439.00000,2951.00000,3038.00000,2841.00000,2391.00000,1411.00000,1015.00000,847.00000,472.00000,903.00000,1786.00000,3215.00000,2806.00000,2534.00000,1151.00000,3524.00000,388.00000,790.00000,617.00000,3495.00000,345.00000,750.00000,502.00000,806.00000,1674.00000,3389.00000,3392.00000,2747.00000,1030.00000,0.32031,0.11978,0.06074,0.35776,0.35309,164.74489,0.26715,0.52040,0.58547
LR2018,Ndalu,Lungai,0.795557000000000,34.901159999999997,0.779332000000000,34.903010000000002,"66772",scduma43,5.330000000000000,"39",5.350000000000000,5.257500000000000,1.759391000000000,1595.625000000000000,6.78988,1.99208,1.15853,1.10551,1.05841,0.37839,0.39433,1.05841,0.32947,0.28974,0.21290,-0.58073,-0.61477,-0.67429,0.75033,2.77025,3.19176,4.14041,0.37436,0.39417,0.51076,1532.00000,2547.00000,2897.00000,2839.00000,2653.00000,2420.00000,1307.00000,688.00000,753.00000,347.00000,1063.00000,1928.00000,2708.00000,2382.00000,2122.00000,1067.00000,2645.00000,277.00000,631.00000,503.00000,3295.00000,305.00000,641.00000,470.00000,897.00000,1789.00000,3218.00000,2998.00000,2432.00000,974.00000,0.29212,0.10560,0.09463,0.26924,0.33284,54.46232,0.39676,0.48778,0.58590
LR2018,Ndalu,Lungai,0.772367000000000,34.899230000000003,0.779332000000000,34.903010000000002,"66804",scduma43,5.330000000000000,"39",5.300000000000000,5.127500000000000,3.364213000000000,1579.140000000000100,5.96399,4.54202,1.42925,1.26070,1.07217,0.27059,0.29333,1.07217,0.37199,0.39612,0.21618,-0.48043,-0.56599,-0.63194,0.71123,1.84934,2.60822,3.43385,0.25656,0.27426,0.47176,2763.00000,3786.00000,3371.00000,3026.00000,3019.00000,2759.00000,2054.00000,1337.00000,1062.00000,612.00000,1255.00000,2048.00000,2263.00000,1964.00000,1747.00000,1113.00000,2284.00000,311.00000,633.00000,719.00000,3117.00000,339.00000,703.00000,526.00000,970.00000,1839.00000,3285.00000,3043.00000,2527.00000,1057.00000,0.33082,0.23873,0.10332,0.23945,0.31611,165.25644,0.15272,0.28688,0.53327
LR2018,Ndalu,Lungai,0.773813000000000,34.899500000000003,0.779332000000000,34.903010000000002,"66823",scduma43,6.660000000000000,"49",4.580000000000000,4.445000000000000,3.037120000000000,1343.202999999999975,7.31286,1.18111,1.13238,1.21822,1.07692,0.43016,0.35214,1.07692,0.31153,0.36013,0.25768,-0.62005,-0.55276,-0.65895,0.72704,3.26384,2.47186,3.86416,0.43759,0.34239,0.49884,1368.00000,2328.00000,3518.00000,3313.00000,3221.00000,2733.00000,1184.00000,722.00000,777.00000,379.00000,1135.00000,2031.00000,3228.00000,3039.00000,2604.00000,1178.00000,2899.00000,398.00000,835.00000,846.00000,3366.00000,314.00000,692.00000,532.00000,964.00000,1834.00000,3551.00000,3355.00000,2780.00000,1084.00000,0.33908,0.19673,0.10013,0.30199,0.34078,78.69007,0.43769,0.32171,0.55143
LR2018,Ndalu,Lungai,0.770393000000000,34.899900000000002,0.779332000000000,34.903010000000002,"70129",scduma43,4.440000000000000,"32",6.750000000000000,6.667500000000000,1.237345000000000,2056.550000000000182,7.15636,4.13700,1.17463,1.06520,1.06548,0.38894,0.44232,1.06548,0.34242,0.26123,0.28058,-0.58910,-0.67086,-0.71880,0.76991,2.86733,4.07650,5.11250,0.38565,0.44939,0.52363,2081.00000,2998.00000,3129.00000,3090.00000,2805.00000,2590.00000,1522.00000,788.00000,799.00000,386.00000,997.00000,1874.00000,2844.00000,2527.00000,2192.00000,1008.00000,2787.00000,222.00000,549.00000,379.00000,3423.00000,250.00000,560.00000,445.00000,908.00000,1791.00000,3441.00000,3178.00000,2537.00000,933.00000,0.31889,0.04522,0.10757,0.28127,0.34518,333.43494,0.37609,0.59756,0.60991
LR2018,Ndalu,Lungai,0.784334000000000,34.894120000000001,0.779332000000000,34.903010000000002,"70136",scduma43,6.660000000000000,"49",5.200000000000000,5.030000000000000,3.379722000000000,1546.218000000000075,8.13719,3.65802,1.15546,1.06069,1.05511,0.36969,0.45553,1.05511,0.33403,0.22111,0.24128,-0.58550,-0.65483,-0.69176,0.77910,2.82504,3.79421,4.48851,0.36316,0.47288,0.55210,1712.00000,2635.00000,2797.00000,2689.00000,2544.00000,2310.00000,1363.00000,637.00000,703.00000,318.00000,874.00000,1733.00000,3048.00000,2846.00000,2407.00000,1034.00000,2982.00000,273.00000,622.00000,428.00000,3584.00000,272.00000,653.00000,445.00000,845.00000,1702.00000,3652.00000,3515.00000,2788.00000,952.00000,0.27634,0.05971,0.04672,0.30126,0.36115,18.43495,0.40481,0.58356,0.62495
LR2018,Ndalu,Lungai,0.788612000000000,34.907840000000000,0.779332000000000,34.903010000000002,"71432",scduma43,7.140000000000000,"52",4.400000000000000,4.385000000000000,0.342075000000000,1282.823000000000093,6.53990,5.10418,1.45632,1.09087,1.08537,0.24335,0.44749,1.08537,0.41579,0.25813,0.30914,-0.50658,-0.59710,-0.66327,0.73446,2.05335,2.96406,3.93944,0.22214,0.46390,0.47512,1931.00000,2788.00000,2949.00000,2461.00000,2824.00000,2478.00000,1577.00000,1076.00000,806.00000,444.00000,1168.00000,2042.00000,3143.00000,2838.00000,2492.00000,1250.00000,3199.00000,342.00000,807.00000,580.00000,3181.00000,257.00000,644.00000,487.00000,1152.00000,1910.00000,3072.00000,2931.00000,2443.00000,1071.00000,0.26859,0.06651,0.07205,0.32512,0.32181,185.19443,0.14890,0.50649,0.55848
LR2018,Ndalu,Lungai,0.790938000000000,34.901690000000002,0.779332000000000,34.903010000000002,"75503",scduma43,7.140000000000000,"52",5.680000000000000,5.452500000000000,4.172398000000000,1705.363000000000056,7.55562,2.77784,1.24685,1.12749,1.06150,0.34344,0.36008,1.06150,0.35470,0.30721,0.18984,-0.54599,-0.59776,-0.64773,0.72180,2.40516,2.97213,3.67742,0.33488,0.35375,0.47332,1959.00000,2895.00000,3055.00000,3034.00000,2756.00000,2535.00000,1524.00000,972.00000,891.00000,463.00000,978.00000,1848.00000,2638.00000,2394.00000,2068.00000,1017.00000,2423.00000,274.00000,610.00000,517.00000,3045.00000,335.00000,651.00000,492.00000,941.00000,1827.00000,3118.00000,2979.00000,2465.00000,996.00000,0.31859,0.12919,0.11908,0.24775,0.30845,180.00000,0.28543,0.44573,0.54904
LR2018,Ndalu,Lungai,0.777101000000000,34.910820000000001,0.779332000000000,34.903010000000002,"78420",scduma43,6.660000000000000,"49",6.870000000000000,6.140000000000000,11.889250000000001,2094.958000000000084,6.21854,3.52422,1.11672,1.07460,1.07125,0.41078,0.43974,1.07125,0.32683,0.28213,0.29954,-0.63830,-0.69439,-0.69664,0.76389,3.52951,4.54420,4.59292,0.40901,0.44492,0.48917,1140.00000,2197.00000,3061.00000,2840.00000,2961.00000,2483.00000,1042.00000,544.00000,627.00000,276.00000,987.00000,1862.00000,3000.00000,2738.00000,2457.00000,936.00000,2822.00000,229.00000,509.00000,409.00000,3160.00000,228.00000,565.00000,423.00000,867.00000,1728.00000,3419.00000,3158.00000,2633.00000,993.00000,0.28916,0.11247,0.07072,0.28515,0.31882,113.19859,0.48240,0.57715,0.60038
LR2018,Ndalu,Lungai,0.781384000000000,34.905729999999998,0.779332000000000,34.903010000000002,"78425",scduma43,6.660000000000000,"49",4.980000000000000,4.700000000000000,5.957447000000000,1474.888999999999896,5.86982,4.98839,1.11111,1.07578,1.07203,0.46512,0.46521,1.07203,0.29412,0.26020,0.26641,-0.62135,-0.64481,-0.66428,0.74495,3.28196,3.63081,3.95729,0.48232,0.48157,0.50668,1479.00000,2635.00000,3745.00000,3584.00000,3510.00000,3107.00000,1478.00000,704.00000,837.00000,384.00000,1211.00000,2300.00000,3516.00000,3183.00000,2880.00000,1262.00000,3186.00000,290.00000,688.00000,494.00000,3366.00000,285.00000,679.00000,492.00000,1111.00000,2072.00000,3667.00000,3437.00000,2997.00000,1244.00000,0.36525,0.06522,0.06731,0.32241,0.34018,13.39250,0.47619,0.55735,0.57540
LR2018,Ndalu,Lungai,0.793502000000000,34.903640000000003,0.779332000000000,34.903010000000002,"78434",scduma43,5.330000000000000,"39",4.050000000000000,4.090000000000000,-0.978000000000000,1167.597999999999956,7.52530,1.90968,1.20969,1.12230,1.06448,0.37051,0.41371,1.06448,0.41209,0.35687,0.29226,-0.62371,-0.64380,-0.67944,0.77816,3.31509,3.61489,4.23913,0.35446,0.40833,0.54670,1293.00000,2263.00000,3003.00000,2917.00000,2773.00000,2436.00000,1274.00000,771.00000,676.00000,321.00000,954.00000,1865.00000,3065.00000,2856.00000,2384.00000,1085.00000,2852.00000,255.00000,618.00000,538.00000,3615.00000,247.00000,690.00000,451.00000,886.00000,1835.00000,3872.00000,3619.00000,3067.00000,1119.00000,0.30172,0.12403,0.00576,0.29023,0.36430,165.96376,0.35481,0.48554,0.62133
LR2018,Ndalu,Lungai,0.795357000000000,34.903939999999999,0.779332000000000,34.903010000000002,"81059",scduma43,5.330000000000000,"39",4.330000000000000,4.045000000000000,7.045735000000000,1260.875000000000000,6.23164,3.47846,1.22217,1.09543,1.06260,0.37245,0.45712,1.06260,0.42385,0.30321,0.24548,-0.62923,-0.66151,-0.68681,0.75894,3.39416,3.90854,4.38591,0.35503,0.46679,0.53362,1364.00000,2277.00000,3263.00000,3010.00000,3086.00000,2702.00000,1254.00000,818.00000,685.00000,331.00000,1053.00000,1903.00000,3234.00000,2952.00000,2604.00000,1136.00000,3220.00000,293.00000,656.00000,548.00000,3517.00000,292.00000,653.00000,482.00000,943.00000,1840.00000,3600.00000,3462.00000,2879.00000,1090.00000,0.31192,0.12358,0.08479,0.32663,0.35499,86.18593,0.34258,0.52441,0.59606
